INSERT INTO M_ROLE (ROLE_ID, ROLE_NAME,ROLE_DESC,STATUS_FLAG,CREATED_DATE,CREATED_BY,SKIP_AUDIT_TRAIL) VALUES ('ADMINISTRATOR', 'Administrator', 'Administrator','t',CURRENT_TIMESTAMP,'SYSTEM','f');
INSERT INTO M_ROLE (ROLE_ID, ROLE_NAME,ROLE_DESC,STATUS_FLAG,CREATED_DATE,CREATED_BY,SKIP_AUDIT_TRAIL) VALUES ('PUBLIC', 'Publik', 'Role untuk Pemohon','t',CURRENT_TIMESTAMP,'SYSTEM','f');
INSERT INTO M_ROLE (ROLE_ID, ROLE_NAME,ROLE_DESC,STATUS_FLAG,CREATED_DATE,CREATED_BY,SKIP_AUDIT_TRAIL) VALUES ('ADMIN-PETUGAS', 'Petugas', 'Role untuk Petugas','t',CURRENT_TIMESTAMP,'SYSTEM','f');
--INSERT INTO M_ROLE (ROLE_ID, ROLE_NAME,ROLE_DESC,STATUS_FLAG,CREATED_DATE,CREATED_BY,SKIP_AUDIT_TRAIL) VALUES ('6ccc1d60-a22a-467e-a1b2-363856109f35', 'Substantif', 'Pemeriksa Subtantif','t',CURRENT_TIMESTAMP,'SYSTEM','f');


INSERT INTO M_MENU (MENU_ID, MENU_CODE, MENU_NAME,STATUS_FLAG,CREATED_BY,CREATED_DATE, SKIP_AUDIT_TRAIL) VALUES ('DB', 'DB','Dashboard','t','SYSTEM', CURRENT_TIMESTAMP,'f');
INSERT INTO M_MENU (MENU_ID, MENU_CODE, MENU_NAME,STATUS_FLAG,CREATED_BY,CREATED_DATE, SKIP_AUDIT_TRAIL) VALUES ('DB-PER', 'DB-PER','Dashboard Permohonan','t','SYSTEM', CURRENT_TIMESTAMP,'f');
INSERT INTO M_MENU (MENU_ID, MENU_CODE, MENU_NAME,STATUS_FLAG,CREATED_BY,CREATED_DATE, SKIP_AUDIT_TRAIL) VALUES ('DB-PASCA', 'DB-PASCA','Dashboard Pasca Permohonan','t','SYSTEM', CURRENT_TIMESTAMP,'f');
INSERT INTO M_MENU (MENU_ID, MENU_CODE, MENU_NAME,STATUS_FLAG,CREATED_BY,CREATED_DATE, SKIP_AUDIT_TRAIL) VALUES ('DB-PEM', 'DB-PEM','Dashboard 10 Pemohon dan Kuasa','t','SYSTEM', CURRENT_TIMESTAMP,'f');
INSERT INTO M_MENU (MENU_ID, MENU_CODE, MENU_NAME,STATUS_FLAG,CREATED_BY,CREATED_DATE, SKIP_AUDIT_TRAIL) VALUES ('DB-REG', 'DB-REG','Dashboard Registrasi Akun','t','SYSTEM', CURRENT_TIMESTAMP,'f');
INSERT INTO M_MENU (MENU_ID, MENU_CODE, MENU_NAME,STATUS_FLAG,CREATED_BY,CREATED_DATE, SKIP_AUDIT_TRAIL) VALUES ('P-OL', 'P-OL','Permohonan Online-List','t','SYSTEM', CURRENT_TIMESTAMP,'f');
INSERT INTO M_MENU (MENU_ID, MENU_CODE, MENU_NAME,STATUS_FLAG,CREATED_BY,CREATED_DATE, SKIP_AUDIT_TRAIL) VALUES ('PASCA-OL', 'PASCA-OL','Pasca Online-List','t','SYSTEM', CURRENT_TIMESTAMP,'f');
INSERT INTO M_MENU (MENU_ID, MENU_CODE, MENU_NAME,STATUS_FLAG,CREATED_BY,CREATED_DATE, SKIP_AUDIT_TRAIL) VALUES ('LP-L', 'LP-L','Loket Penerimaan Permohonan-List','f','SYSTEM', CURRENT_TIMESTAMP,'f');
INSERT INTO M_MENU (MENU_ID, MENU_CODE, MENU_NAME,STATUS_FLAG,CREATED_BY,CREATED_DATE, SKIP_AUDIT_TRAIL) VALUES ('LP-D', 'LP-D','Loket Penerimaan Dokumen-List','f','SYSTEM', CURRENT_TIMESTAMP,'f');
INSERT INTO M_MENU (MENU_ID, MENU_CODE, MENU_NAME,STATUS_FLAG,CREATED_BY,CREATED_DATE, SKIP_AUDIT_TRAIL) VALUES ('P-L', 'P-L','Permohonan-List','t','SYSTEM', CURRENT_TIMESTAMP,'f');
INSERT INTO M_MENU (MENU_ID, MENU_CODE, MENU_NAME,STATUS_FLAG,CREATED_BY,CREATED_DATE, SKIP_AUDIT_TRAIL) VALUES ('P-UT', 'P-UT','Permohonan-Ubah Tipe','t','SYSTEM', CURRENT_TIMESTAMP,'f');
INSERT INTO M_MENU (MENU_ID, MENU_CODE, MENU_NAME,STATUS_FLAG,CREATED_BY,CREATED_DATE, SKIP_AUDIT_TRAIL) VALUES ('T-PUG', 'T-PUG','Pratinjau-General-Detail','t','SYSTEM', CURRENT_TIMESTAMP,'f');
INSERT INTO M_MENU (MENU_ID, MENU_CODE, MENU_NAME,STATUS_FLAG,CREATED_BY,CREATED_DATE, SKIP_AUDIT_TRAIL) VALUES ('T-PTP', 'T-PTP','Pratinjau-Pemohon-Tambah','t','SYSTEM', CURRENT_TIMESTAMP,'f');
INSERT INTO M_MENU (MENU_ID, MENU_CODE, MENU_NAME,STATUS_FLAG,CREATED_BY,CREATED_DATE, SKIP_AUDIT_TRAIL) VALUES ('T-PTK', 'T-PTK','Pratinjau-Kuasa-Tambah','t','SYSTEM', CURRENT_TIMESTAMP,'f');
INSERT INTO M_MENU (MENU_ID, MENU_CODE, MENU_NAME,STATUS_FLAG,CREATED_BY,CREATED_DATE, SKIP_AUDIT_TRAIL) VALUES ('T-PUPR', 'T-PUPR','Pratinjau-Prioritas-Detail','t','SYSTEM', CURRENT_TIMESTAMP,'f');
INSERT INTO M_MENU (MENU_ID, MENU_CODE, MENU_NAME,STATUS_FLAG,CREATED_BY,CREATED_DATE, SKIP_AUDIT_TRAIL) VALUES ('T-PTPPR', 'T-PTPPR','Pratinjau-Prioritas-Detail-Tambah','t','SYSTEM', CURRENT_TIMESTAMP,'f');
INSERT INTO M_MENU (MENU_ID, MENU_CODE, MENU_NAME,STATUS_FLAG,CREATED_BY,CREATED_DATE, SKIP_AUDIT_TRAIL) VALUES ('T-PUPPR', 'T-PUPPR','Pratinjau-Prioritas-Detail-Update','t','SYSTEM', CURRENT_TIMESTAMP,'f');
INSERT INTO M_MENU (MENU_ID, MENU_CODE, MENU_NAME,STATUS_FLAG,CREATED_BY,CREATED_DATE, SKIP_AUDIT_TRAIL) VALUES ('T-PUKS', 'T-PUKS','Pratinjau-Kelas-Detail','t','SYSTEM', CURRENT_TIMESTAMP,'f');
INSERT INTO M_MENU (MENU_ID, MENU_CODE, MENU_NAME,STATUS_FLAG,CREATED_BY,CREATED_DATE, SKIP_AUDIT_TRAIL) VALUES ('T-PTKLS', 'T-PTKLS','Pratinjau-Kelas-Detail-Tambah','t','SYSTEM', CURRENT_TIMESTAMP,'f');
INSERT INTO M_MENU (MENU_ID, MENU_CODE, MENU_NAME,STATUS_FLAG,CREATED_BY,CREATED_DATE, SKIP_AUDIT_TRAIL) VALUES ('T-PUM', 'T-PUM','Pratinjau-Detail Merek','t','SYSTEM', CURRENT_TIMESTAMP,'f');
INSERT INTO M_MENU (MENU_ID, MENU_CODE, MENU_NAME,STATUS_FLAG,CREATED_BY,CREATED_DATE, SKIP_AUDIT_TRAIL) VALUES ('T-PUD', 'T-PUD','Pratinjau-Data Lampiran-Detail','t','SYSTEM', CURRENT_TIMESTAMP,'f');
INSERT INTO M_MENU (MENU_ID, MENU_CODE, MENU_NAME,STATUS_FLAG,CREATED_BY,CREATED_DATE, SKIP_AUDIT_TRAIL) VALUES ('T-PGST', 'T-PGST','Pratinjau-Registrasi-Generate','t','SYSTEM', CURRENT_TIMESTAMP,'f');
INSERT INTO M_MENU (MENU_ID, MENU_CODE, MENU_NAME,STATUS_FLAG,CREATED_BY,CREATED_DATE, SKIP_AUDIT_TRAIL) VALUES ('T-PUST', 'T-PUST','Pratinjau-Registrasi-Generate-Ubah','t','SYSTEM', CURRENT_TIMESTAMP,'f');
INSERT INTO M_MENU (MENU_ID, MENU_CODE, MENU_NAME,STATUS_FLAG,CREATED_BY,CREATED_DATE, SKIP_AUDIT_TRAIL) VALUES ('T-PCST', 'T-PCST','Pratinjau-Registrasi-Generate-Cetak Sertifikat','t','SYSTEM', CURRENT_TIMESTAMP,'f');
INSERT INTO M_MENU (MENU_ID, MENU_CODE, MENU_NAME,STATUS_FLAG,CREATED_BY,CREATED_DATE, SKIP_AUDIT_TRAIL) VALUES ('T-PTLS', 'T-PTLS','Pratinjau-Lisensi-Tambah','t','SYSTEM', CURRENT_TIMESTAMP,'f');
INSERT INTO M_MENU (MENU_ID, MENU_CODE, MENU_NAME,STATUS_FLAG,CREATED_BY,CREATED_DATE, SKIP_AUDIT_TRAIL) VALUES ('PASCA-OFF', 'PASCA-OFF','Pasca Permohonan-List','t','SYSTEM', CURRENT_TIMESTAMP,'f');
INSERT INTO M_MENU (MENU_ID, MENU_CODE, MENU_NAME,STATUS_FLAG,CREATED_BY,CREATED_DATE, SKIP_AUDIT_TRAIL) VALUES ('M-UPL', 'M-UPL','Multiple Upload File','t','SYSTEM', CURRENT_TIMESTAMP,'f');
INSERT INTO M_MENU (MENU_ID, MENU_CODE, MENU_NAME,STATUS_FLAG,CREATED_BY,CREATED_DATE, SKIP_AUDIT_TRAIL) VALUES ('P-G', 'P-G','Grup Permohonan-List','t','SYSTEM', CURRENT_TIMESTAMP,'f');
INSERT INTO M_MENU (MENU_ID, MENU_CODE, MENU_NAME,STATUS_FLAG,CREATED_BY,CREATED_DATE, SKIP_AUDIT_TRAIL) VALUES ('T-GP', 'T-GP','Grup Permohonan-Tambah','t','SYSTEM', CURRENT_TIMESTAMP,'f');
INSERT INTO M_MENU (MENU_ID, MENU_CODE, MENU_NAME,STATUS_FLAG,CREATED_BY,CREATED_DATE, SKIP_AUDIT_TRAIL) VALUES ('PU-L', 'PU-L','Publikasi-List','t','SYSTEM', CURRENT_TIMESTAMP,'f');
INSERT INTO M_MENU (MENU_ID, MENU_CODE, MENU_NAME,STATUS_FLAG,CREATED_BY,CREATED_DATE, SKIP_AUDIT_TRAIL) VALUES ('T-PB', 'T-PB','Publikasi-Buat BRM','t','SYSTEM', CURRENT_TIMESTAMP,'f');
INSERT INTO M_MENU (MENU_ID, MENU_CODE, MENU_NAME,STATUS_FLAG,CREATED_BY,CREATED_DATE, SKIP_AUDIT_TRAIL) VALUES ('T-PBH', 'T-PBH','Publikasi-Hapus','t','SYSTEM', CURRENT_TIMESTAMP,'f');
INSERT INTO M_MENU (MENU_ID, MENU_CODE, MENU_NAME,STATUS_FLAG,CREATED_BY,CREATED_DATE, SKIP_AUDIT_TRAIL) VALUES ('PT-L', 'PT-L','Pelayanan Teknis-List','t','SYSTEM', CURRENT_TIMESTAMP,'f');
INSERT INTO M_MENU (MENU_ID, MENU_CODE, MENU_NAME,STATUS_FLAG,CREATED_BY,CREATED_DATE, SKIP_AUDIT_TRAIL) VALUES ('T-PT', 'T-PT','Pelayanan Teknis-Distribusi','t','SYSTEM', CURRENT_TIMESTAMP,'f');
INSERT INTO M_MENU (MENU_ID, MENU_CODE, MENU_NAME,STATUS_FLAG,CREATED_BY,CREATED_DATE, SKIP_AUDIT_TRAIL) VALUES ('PS-L', 'PS-L','Pemeriksaan Substantif-List','t','SYSTEM', CURRENT_TIMESTAMP,'f');
INSERT INTO M_MENU (MENU_ID, MENU_CODE, MENU_NAME,STATUS_FLAG,CREATED_BY,CREATED_DATE, SKIP_AUDIT_TRAIL) VALUES ('C-I', 'C-I','Penelusuran Figuratif','t','SYSTEM', CURRENT_TIMESTAMP,'f');
INSERT INTO M_MENU (MENU_ID, MENU_CODE, MENU_NAME,STATUS_FLAG,CREATED_BY,CREATED_DATE, SKIP_AUDIT_TRAIL) VALUES ('MD', 'MD','Madrid-List','t','SYSTEM', CURRENT_TIMESTAMP,'f');
INSERT INTO M_MENU (MENU_ID, MENU_CODE, MENU_NAME,STATUS_FLAG,CREATED_BY,CREATED_DATE, SKIP_AUDIT_TRAIL) VALUES ('LOG', 'LOG','Log History','t','SYSTEM', CURRENT_TIMESTAMP,'f');
INSERT INTO M_MENU (MENU_ID, MENU_CODE, MENU_NAME,STATUS_FLAG,CREATED_BY,CREATED_DATE, SKIP_AUDIT_TRAIL) VALUES ('I-CLS', 'I-CLS','Migrasi Data Kelas','t','SYSTEM', CURRENT_TIMESTAMP,'f');
INSERT INTO M_MENU (MENU_ID, MENU_CODE, MENU_NAME,STATUS_FLAG,CREATED_BY,CREATED_DATE, SKIP_AUDIT_TRAIL) VALUES ('M-KLS', 'M-KLS','Maintenance Kelas-List','t','SYSTEM', CURRENT_TIMESTAMP,'f');
INSERT INTO M_MENU (MENU_ID, MENU_CODE, MENU_NAME,STATUS_FLAG,CREATED_BY,CREATED_DATE, SKIP_AUDIT_TRAIL) VALUES ('T-TDKLS', 'T-TDKLS','Maintenance Kelas-Tambah','t','SYSTEM', CURRENT_TIMESTAMP,'f');
INSERT INTO M_MENU (MENU_ID, MENU_CODE, MENU_NAME,STATUS_FLAG,CREATED_BY,CREATED_DATE, SKIP_AUDIT_TRAIL) VALUES ('T-UDKLS', 'T-UDKLS','Maintenance Kelas-Ubah','t','SYSTEM', CURRENT_TIMESTAMP,'f');
INSERT INTO M_MENU (MENU_ID, MENU_CODE, MENU_NAME,STATUS_FLAG,CREATED_BY,CREATED_DATE, SKIP_AUDIT_TRAIL) VALUES ('T-TKLSD', 'T-TKLSD','Maintenance Kelas Detail-Tambah','t','SYSTEM', CURRENT_TIMESTAMP,'f');
INSERT INTO M_MENU (MENU_ID, MENU_CODE, MENU_NAME,STATUS_FLAG,CREATED_BY,CREATED_DATE, SKIP_AUDIT_TRAIL) VALUES ('T-UKLSD', 'T-UKLSD','Maintenance Kelas Detail-Ubah','t','SYSTEM', CURRENT_TIMESTAMP,'f');
INSERT INTO M_MENU (MENU_ID, MENU_CODE, MENU_NAME,STATUS_FLAG,CREATED_BY,CREATED_DATE, SKIP_AUDIT_TRAIL) VALUES ('T-UPKLSD', 'T-UPKLSD','Maintenance Kelas Detail-Update/Upload','t','SYSTEM', CURRENT_TIMESTAMP,'f');
INSERT INTO M_MENU (MENU_ID, MENU_CODE, MENU_NAME,STATUS_FLAG,CREATED_BY,CREATED_DATE, SKIP_AUDIT_TRAIL) VALUES ('M-KON', 'M-KON','Maintenance Kuasa-List','t','SYSTEM', CURRENT_TIMESTAMP,'f');
INSERT INTO M_MENU (MENU_ID, MENU_CODE, MENU_NAME,STATUS_FLAG,CREATED_BY,CREATED_DATE, SKIP_AUDIT_TRAIL) VALUES ('T-TKUA', 'T-TKUA','Maintenance Kuasa-Tambah','t','SYSTEM', CURRENT_TIMESTAMP,'f');
INSERT INTO M_MENU (MENU_ID, MENU_CODE, MENU_NAME,STATUS_FLAG,CREATED_BY,CREATED_DATE, SKIP_AUDIT_TRAIL) VALUES ('T-UKUA', 'T-UKUA','Maintenance Kuasa-Ubah','t','SYSTEM', CURRENT_TIMESTAMP,'f');
INSERT INTO M_MENU (MENU_ID, MENU_CODE, MENU_NAME,STATUS_FLAG,CREATED_BY,CREATED_DATE, SKIP_AUDIT_TRAIL) VALUES ('M-RS', 'M-RS','Maintenance Role Substantif-List','t','SYSTEM', CURRENT_TIMESTAMP,'f');
INSERT INTO M_MENU (MENU_ID, MENU_CODE, MENU_NAME,STATUS_FLAG,CREATED_BY,CREATED_DATE, SKIP_AUDIT_TRAIL) VALUES ('T-TRLS', 'T-TRLS','Maintenance Role Substantif-Tambah','t','SYSTEM', CURRENT_TIMESTAMP,'f');
INSERT INTO M_MENU (MENU_ID, MENU_CODE, MENU_NAME,STATUS_FLAG,CREATED_BY,CREATED_DATE, SKIP_AUDIT_TRAIL) VALUES ('T-URLS', 'T-URLS','Maintenance Role Substantif-Ubah Role Substantif','t','SYSTEM', CURRENT_TIMESTAMP,'f');
INSERT INTO M_MENU (MENU_ID, MENU_CODE, MENU_NAME,STATUS_FLAG,CREATED_BY,CREATED_DATE, SKIP_AUDIT_TRAIL) VALUES ('T-TUSRRLS', 'T-TUSRRLS','Maintenance Role Substantif-User-Tambah','t','SYSTEM', CURRENT_TIMESTAMP,'f');
INSERT INTO M_MENU (MENU_ID, MENU_CODE, MENU_NAME,STATUS_FLAG,CREATED_BY,CREATED_DATE, SKIP_AUDIT_TRAIL) VALUES ('T-HUSRRLS', 'T-HUSRRLS','Maintenance Role Substantif-User-Hapus','t','SYSTEM', CURRENT_TIMESTAMP,'f');
INSERT INTO M_MENU (MENU_ID, MENU_CODE, MENU_NAME,STATUS_FLAG,CREATED_BY,CREATED_DATE, SKIP_AUDIT_TRAIL) VALUES ('M-WF', 'M-WF','Konfigurasi Workflow-List','t','SYSTEM', CURRENT_TIMESTAMP,'f');
INSERT INTO M_MENU (MENU_ID, MENU_CODE, MENU_NAME,STATUS_FLAG,CREATED_BY,CREATED_DATE, SKIP_AUDIT_TRAIL) VALUES ('T-WK', 'T-WK','Konfigurasi Workflow-Tambah','t','SYSTEM', CURRENT_TIMESTAMP,'f');
INSERT INTO M_MENU (MENU_ID, MENU_CODE, MENU_NAME,STATUS_FLAG,CREATED_BY,CREATED_DATE, SKIP_AUDIT_TRAIL) VALUES ('T-UWK', 'T-UWK','Konfigurasi Workflow-Ubah','t','SYSTEM', CURRENT_TIMESTAMP,'f');
INSERT INTO M_MENU (MENU_ID, MENU_CODE, MENU_NAME,STATUS_FLAG,CREATED_BY,CREATED_DATE, SKIP_AUDIT_TRAIL) VALUES ('M-KD', 'M-KD','Konfigurasi Dokumen-List','t','SYSTEM', CURRENT_TIMESTAMP,'f');
INSERT INTO M_MENU (MENU_ID, MENU_CODE, MENU_NAME,STATUS_FLAG,CREATED_BY,CREATED_DATE, SKIP_AUDIT_TRAIL) VALUES ('T-DK', 'T-DK','Konfigurasi Dokumen-Tambah','t','SYSTEM', CURRENT_TIMESTAMP,'f');
INSERT INTO M_MENU (MENU_ID, MENU_CODE, MENU_NAME,STATUS_FLAG,CREATED_BY,CREATED_DATE, SKIP_AUDIT_TRAIL) VALUES ('T-UDK', 'T-UDK','Konfigurasi Dokumen-Ubah','t','SYSTEM', CURRENT_TIMESTAMP,'f');
INSERT INTO M_MENU (MENU_ID, MENU_CODE, MENU_NAME,STATUS_FLAG,CREATED_BY,CREATED_DATE, SKIP_AUDIT_TRAIL) VALUES ('M-KS', 'M-KS','Konfigurasi Status-List','t','SYSTEM', CURRENT_TIMESTAMP,'f');
INSERT INTO M_MENU (MENU_ID, MENU_CODE, MENU_NAME,STATUS_FLAG,CREATED_BY,CREATED_DATE, SKIP_AUDIT_TRAIL) VALUES ('T-ST', 'T-ST','Konfigurasi Status-Tambah','t','SYSTEM', CURRENT_TIMESTAMP,'f');
INSERT INTO M_MENU (MENU_ID, MENU_CODE, MENU_NAME,STATUS_FLAG,CREATED_BY,CREATED_DATE, SKIP_AUDIT_TRAIL) VALUES ('T-UST', 'T-UST','Konfigurasi Status-Ubah','t','SYSTEM', CURRENT_TIMESTAMP,'f');
INSERT INTO M_MENU (MENU_ID, MENU_CODE, MENU_NAME,STATUS_FLAG,CREATED_BY,CREATED_DATE, SKIP_AUDIT_TRAIL) VALUES ('M-KA', 'M-KA','Konfigurasi Aksi-List','t','SYSTEM', CURRENT_TIMESTAMP,'f');
INSERT INTO M_MENU (MENU_ID, MENU_CODE, MENU_NAME,STATUS_FLAG,CREATED_BY,CREATED_DATE, SKIP_AUDIT_TRAIL) VALUES ('T-AK', 'T-AK','Konfigurasi Aksi-Tambah','t','SYSTEM', CURRENT_TIMESTAMP,'f');
INSERT INTO M_MENU (MENU_ID, MENU_CODE, MENU_NAME,STATUS_FLAG,CREATED_BY,CREATED_DATE, SKIP_AUDIT_TRAIL) VALUES ('T-UAK', 'T-UAK','Konfigurasi Aksi-Ubah','t','SYSTEM', CURRENT_TIMESTAMP,'f');
INSERT INTO M_MENU (MENU_ID, MENU_CODE, MENU_NAME,STATUS_FLAG,CREATED_BY,CREATED_DATE, SKIP_AUDIT_TRAIL) VALUES ('M-WFP', 'M-WFP','Konfigurasi Workflow Proses','t','SYSTEM', CURRENT_TIMESTAMP,'f');
INSERT INTO M_MENU (MENU_ID, MENU_CODE, MENU_NAME,STATUS_FLAG,CREATED_BY,CREATED_DATE, SKIP_AUDIT_TRAIL) VALUES ('T-WP', 'T-WP','Konfigurasi Workflow Process-Tambah','t','SYSTEM', CURRENT_TIMESTAMP,'f');
INSERT INTO M_MENU (MENU_ID, MENU_CODE, MENU_NAME,STATUS_FLAG,CREATED_BY,CREATED_DATE, SKIP_AUDIT_TRAIL) VALUES ('T-DWP', 'T-DWP','Konfigurasi Workflow Process-Detail','t','SYSTEM', CURRENT_TIMESTAMP,'f');
INSERT INTO M_MENU (MENU_ID, MENU_CODE, MENU_NAME,STATUS_FLAG,CREATED_BY,CREATED_DATE, SKIP_AUDIT_TRAIL) VALUES ('T-WPA', 'T-WPA','Konfigurasi Workflow Process-Tambah-Aksi','t','SYSTEM', CURRENT_TIMESTAMP,'f');
INSERT INTO M_MENU (MENU_ID, MENU_CODE, MENU_NAME,STATUS_FLAG,CREATED_BY,CREATED_DATE, SKIP_AUDIT_TRAIL) VALUES ('M-DS', 'M-DS','Setting Subdit-List','t','SYSTEM', CURRENT_TIMESTAMP,'f');
INSERT INTO M_MENU (MENU_ID, MENU_CODE, MENU_NAME,STATUS_FLAG,CREATED_BY,CREATED_DATE, SKIP_AUDIT_TRAIL) VALUES ('T-DP', 'T-DP','Setting Subdit-Tambah','t','SYSTEM', CURRENT_TIMESTAMP,'f');
INSERT INTO M_MENU (MENU_ID, MENU_CODE, MENU_NAME,STATUS_FLAG,CREATED_BY,CREATED_DATE, SKIP_AUDIT_TRAIL) VALUES ('T-UDP', 'T-UDP','Setting Subdit-Ubah','t','SYSTEM', CURRENT_TIMESTAMP,'f');
INSERT INTO M_MENU (MENU_ID, MENU_CODE, MENU_NAME,STATUS_FLAG,CREATED_BY,CREATED_DATE, SKIP_AUDIT_TRAIL) VALUES ('T-BG', 'T-BG','Setting Seksi-Tambah','t','SYSTEM', CURRENT_TIMESTAMP,'f');
INSERT INTO M_MENU (MENU_ID, MENU_CODE, MENU_NAME,STATUS_FLAG,CREATED_BY,CREATED_DATE, SKIP_AUDIT_TRAIL) VALUES ('T-UBG', 'T-UBG','Setting Seksi-Ubah','t','SYSTEM', CURRENT_TIMESTAMP,'f');
INSERT INTO M_MENU (MENU_ID, MENU_CODE, MENU_NAME,STATUS_FLAG,CREATED_BY,CREATED_DATE, SKIP_AUDIT_TRAIL) VALUES ('M-UUD', 'M-UUD','Setting Undang-undang-List','t','SYSTEM', CURRENT_TIMESTAMP,'f');
INSERT INTO M_MENU (MENU_ID, MENU_CODE, MENU_NAME,STATUS_FLAG,CREATED_BY,CREATED_DATE, SKIP_AUDIT_TRAIL) VALUES ('T-UG', 'T-UG','Setting Undang-undang-Tambah','t','SYSTEM', CURRENT_TIMESTAMP,'f');
INSERT INTO M_MENU (MENU_ID, MENU_CODE, MENU_NAME,STATUS_FLAG,CREATED_BY,CREATED_DATE, SKIP_AUDIT_TRAIL) VALUES ('T-UUG', 'T-UUG','Setting Undang-undang-Ubah','t','SYSTEM', CURRENT_TIMESTAMP,'f');
INSERT INTO M_MENU (MENU_ID, MENU_CODE, MENU_NAME,STATUS_FLAG,CREATED_BY,CREATED_DATE, SKIP_AUDIT_TRAIL) VALUES ('M-NEG', 'M-NEG','Setting Negara-List','t','SYSTEM', CURRENT_TIMESTAMP,'f');
INSERT INTO M_MENU (MENU_ID, MENU_CODE, MENU_NAME,STATUS_FLAG,CREATED_BY,CREATED_DATE, SKIP_AUDIT_TRAIL) VALUES ('T-NG', 'T-NG','Setting Negara-Tambah','t','SYSTEM', CURRENT_TIMESTAMP,'f');
INSERT INTO M_MENU (MENU_ID, MENU_CODE, MENU_NAME,STATUS_FLAG,CREATED_BY,CREATED_DATE, SKIP_AUDIT_TRAIL) VALUES ('T-UNG', 'T-UNG','Setting Negara-Ubah','t','SYSTEM', CURRENT_TIMESTAMP,'f');
INSERT INTO M_MENU (MENU_ID, MENU_CODE, MENU_NAME,STATUS_FLAG,CREATED_BY,CREATED_DATE, SKIP_AUDIT_TRAIL) VALUES ('M-PROV', 'M-PROV','Setting Master-Provinsi','t','SYSTEM', CURRENT_TIMESTAMP,'f');
INSERT INTO M_MENU (MENU_ID, MENU_CODE, MENU_NAME,STATUS_FLAG,CREATED_BY,CREATED_DATE, SKIP_AUDIT_TRAIL) VALUES ('T-PR', 'T-PR','Setting Provinsi-Tambah','t','SYSTEM', CURRENT_TIMESTAMP,'f');
INSERT INTO M_MENU (MENU_ID, MENU_CODE, MENU_NAME,STATUS_FLAG,CREATED_BY,CREATED_DATE, SKIP_AUDIT_TRAIL) VALUES ('T-UPR', 'T-UPR','Setting Provinsi-Ubah','t','SYSTEM', CURRENT_TIMESTAMP,'f');
INSERT INTO M_MENU (MENU_ID, MENU_CODE, MENU_NAME,STATUS_FLAG,CREATED_BY,CREATED_DATE, SKIP_AUDIT_TRAIL) VALUES ('T-KT', 'T-KT','Setting Kota-Tambah','t','SYSTEM', CURRENT_TIMESTAMP,'f');
INSERT INTO M_MENU (MENU_ID, MENU_CODE, MENU_NAME,STATUS_FLAG,CREATED_BY,CREATED_DATE, SKIP_AUDIT_TRAIL) VALUES ('T-UKT', 'T-UKT','Setting Kota-Ubah','t','SYSTEM', CURRENT_TIMESTAMP,'f');
INSERT INTO M_MENU (MENU_ID, MENU_CODE, MENU_NAME,STATUS_FLAG,CREATED_BY,CREATED_DATE, SKIP_AUDIT_TRAIL) VALUES ('M-DT', 'M-DT','Setting Jenis Dokumen-List','t','SYSTEM', CURRENT_TIMESTAMP,'f');
INSERT INTO M_MENU (MENU_ID, MENU_CODE, MENU_NAME,STATUS_FLAG,CREATED_BY,CREATED_DATE, SKIP_AUDIT_TRAIL) VALUES ('T-JD', 'T-JD','Setting Jenis Dokumen-Tambah','t','SYSTEM', CURRENT_TIMESTAMP,'f');
INSERT INTO M_MENU (MENU_ID, MENU_CODE, MENU_NAME,STATUS_FLAG,CREATED_BY,CREATED_DATE, SKIP_AUDIT_TRAIL) VALUES ('T-UJD', 'T-UJD','Setting Jenis Dokumen-Ubah','t','SYSTEM', CURRENT_TIMESTAMP,'f');
INSERT INTO M_MENU (MENU_ID, MENU_CODE, MENU_NAME,STATUS_FLAG,CREATED_BY,CREATED_DATE, SKIP_AUDIT_TRAIL) VALUES ('T-DJD', 'T-DJD','Setting Jenis Dokumen-Detail','t','SYSTEM', CURRENT_TIMESTAMP,'f');
INSERT INTO M_MENU (MENU_ID, MENU_CODE, MENU_NAME,STATUS_FLAG,CREATED_BY,CREATED_DATE, SKIP_AUDIT_TRAIL) VALUES ('M-AP', 'M-AP','Setting Asal Permohonan-List','t','SYSTEM', CURRENT_TIMESTAMP,'f');
INSERT INTO M_MENU (MENU_ID, MENU_CODE, MENU_NAME,STATUS_FLAG,CREATED_BY,CREATED_DATE, SKIP_AUDIT_TRAIL) VALUES ('T-AP', 'T-AP','Setting Asal Permohonan-Tambah','t','SYSTEM', CURRENT_TIMESTAMP,'f');
INSERT INTO M_MENU (MENU_ID, MENU_CODE, MENU_NAME,STATUS_FLAG,CREATED_BY,CREATED_DATE, SKIP_AUDIT_TRAIL) VALUES ('T-UAP', 'T-UAP','Setting Asal Permohonan-Ubah','t','SYSTEM', CURRENT_TIMESTAMP,'f');
INSERT INTO M_MENU (MENU_ID, MENU_CODE, MENU_NAME,STATUS_FLAG,CREATED_BY,CREATED_DATE, SKIP_AUDIT_TRAIL) VALUES ('M-TP', 'M-TP','Setting Tipe Permohonan-List','t','SYSTEM', CURRENT_TIMESTAMP,'f');
INSERT INTO M_MENU (MENU_ID, MENU_CODE, MENU_NAME,STATUS_FLAG,CREATED_BY,CREATED_DATE, SKIP_AUDIT_TRAIL) VALUES ('T-TP', 'T-TP','Setting Tipe Permohonan-Tambah','t','SYSTEM', CURRENT_TIMESTAMP,'f');
INSERT INTO M_MENU (MENU_ID, MENU_CODE, MENU_NAME,STATUS_FLAG,CREATED_BY,CREATED_DATE, SKIP_AUDIT_TRAIL) VALUES ('T-UTP', 'T-UTP','Setting Tipe Permohonan-Ubah','t','SYSTEM', CURRENT_TIMESTAMP,'f');
INSERT INTO M_MENU (MENU_ID, MENU_CODE, MENU_NAME,STATUS_FLAG,CREATED_BY,CREATED_DATE, SKIP_AUDIT_TRAIL) VALUES ('M-US', 'M-US','User Management-User-List','t','SYSTEM', CURRENT_TIMESTAMP,'f');
INSERT INTO M_MENU (MENU_ID, MENU_CODE, MENU_NAME,STATUS_FLAG,CREATED_BY,CREATED_DATE, SKIP_AUDIT_TRAIL) VALUES ('T-TUR', 'T-TUR','User Management-User-Tambah','t','SYSTEM', CURRENT_TIMESTAMP,'f');
INSERT INTO M_MENU (MENU_ID, MENU_CODE, MENU_NAME,STATUS_FLAG,CREATED_BY,CREATED_DATE, SKIP_AUDIT_TRAIL) VALUES ('T-UUR', 'T-UUR','User Management-User-Ubah','t','SYSTEM', CURRENT_TIMESTAMP,'f');
INSERT INTO M_MENU (MENU_ID, MENU_CODE, MENU_NAME,STATUS_FLAG,CREATED_BY,CREATED_DATE, SKIP_AUDIT_TRAIL) VALUES ('T-USRL', 'T-USRL','User Management-User-Role','t','SYSTEM', CURRENT_TIMESTAMP,'f');
INSERT INTO M_MENU (MENU_ID, MENU_CODE, MENU_NAME,STATUS_FLAG,CREATED_BY,CREATED_DATE, SKIP_AUDIT_TRAIL) VALUES ('M-RL', 'M-RL','User Management-Role-List','t','SYSTEM', CURRENT_TIMESTAMP,'f');
INSERT INTO M_MENU (MENU_ID, MENU_CODE, MENU_NAME,STATUS_FLAG,CREATED_BY,CREATED_DATE, SKIP_AUDIT_TRAIL) VALUES ('T-URL', 'T-URL','User Management-Role-Ubah','t','SYSTEM', CURRENT_TIMESTAMP,'f');
INSERT INTO M_MENU (MENU_ID, MENU_CODE, MENU_NAME,STATUS_FLAG,CREATED_BY,CREATED_DATE, SKIP_AUDIT_TRAIL) VALUES ('T-TRL', 'T-TRL','User Management-Role-Tambah','t','SYSTEM', CURRENT_TIMESTAMP,'f');
INSERT INTO M_MENU (MENU_ID, MENU_CODE, MENU_NAME,STATUS_FLAG,CREATED_BY,CREATED_DATE, SKIP_AUDIT_TRAIL) VALUES ('T-MRL', 'T-MRL','User Management-Role-Menu','t','SYSTEM', CURRENT_TIMESTAMP,'f');
INSERT INTO M_MENU (MENU_ID, MENU_CODE, MENU_NAME,STATUS_FLAG,CREATED_BY,CREATED_DATE, SKIP_AUDIT_TRAIL) VALUES ('M-DO', 'M-DO','User Management-Registrasi Akun-List','t','SYSTEM', CURRENT_TIMESTAMP,'f');
INSERT INTO M_MENU (MENU_ID, MENU_CODE, MENU_NAME,STATUS_FLAG,CREATED_BY,CREATED_DATE, SKIP_AUDIT_TRAIL) VALUES ('T-REGA', 'T-REGA','User Management-Registrasi Akun-Approve & Reject','t','SYSTEM', CURRENT_TIMESTAMP,'f');
INSERT INTO M_MENU (MENU_ID, MENU_CODE, MENU_NAME,STATUS_FLAG,CREATED_BY,CREATED_DATE, SKIP_AUDIT_TRAIL) VALUES ('T-EXT', 'T-EXT','Pratinjau-Registrasi-Extend','t','SYSTEM', CURRENT_TIMESTAMP,'f');
INSERT INTO M_MENU (MENU_ID, MENU_CODE, MENU_NAME,STATUS_FLAG,CREATED_BY,CREATED_DATE, SKIP_AUDIT_TRAIL) VALUES ('T-RGRTS', 'T-RGRTS','Pratinjau-Registrasi-Regenerate Sertifikat','t','SYSTEM', CURRENT_TIMESTAMP,'f');
INSERT INTO M_MENU (MENU_ID, MENU_CODE, MENU_NAME,STATUS_FLAG,CREATED_BY,CREATED_DATE, SKIP_AUDIT_TRAIL) VALUES ('T-HPSST', 'T-HPSST','Pratinjau-Registrasi-Hapus Sertifikat dan Extend','t','SYSTEM', CURRENT_TIMESTAMP,'f');
INSERT INTO M_MENU (MENU_ID, MENU_CODE, MENU_NAME,STATUS_FLAG,CREATED_BY,CREATED_DATE, SKIP_AUDIT_TRAIL) VALUES ('PUB-PEM', 'PUB-PEM','Publikasi Pemohon',t,'SYSTEM', CURRENT_TIMESTAMP,f);
INSERT INTO M_MENU (MENU_ID, MENU_CODE, MENU_NAME,STATUS_FLAG,CREATED_BY,CREATED_DATE, SKIP_AUDIT_TRAIL) VALUES ('M-HD', 'M-HD','Home Display',t,'SYSTEM', CURRENT_TIMESTAMP,f);

INSERT INTO M_MENU_DETAIL (MENU_DETAIL_ID, MENU_DETAIL_DESC,MENU_DETAIL_URL,MENU_ID,SKIP_AUDIT_TRAIL) VALUES ('DB', 'Dashboard','/layanan/dashboard','DB','f');
INSERT INTO M_MENU_DETAIL (MENU_DETAIL_ID, MENU_DETAIL_DESC,MENU_DETAIL_URL,MENU_ID,SKIP_AUDIT_TRAIL) VALUES ('DB-PER', 'Dashboard Permohonan','/layanan/dashboard-permohonan','DB-PER','f');
INSERT INTO M_MENU_DETAIL (MENU_DETAIL_ID, MENU_DETAIL_DESC,MENU_DETAIL_URL,MENU_ID,SKIP_AUDIT_TRAIL) VALUES ('DB-PASCA', 'Dashboard Pasca Permohonan','/layanan/dashboard-pasca-permohonan','DB-PASCA','f');
INSERT INTO M_MENU_DETAIL (MENU_DETAIL_ID, MENU_DETAIL_DESC,MENU_DETAIL_URL,MENU_ID,SKIP_AUDIT_TRAIL) VALUES ('DB-PEM', 'Dashboard 10 Pemohon dan Kuasa','/layanan/dashboard-pemohon-kuasa','DB-PEM','f');
INSERT INTO M_MENU_DETAIL (MENU_DETAIL_ID, MENU_DETAIL_DESC,MENU_DETAIL_URL,MENU_ID,SKIP_AUDIT_TRAIL) VALUES ('DB-REG', 'Dashboard Registrasi Akun','/layanan/dashboard-reg-akun','DB-REG','f');
INSERT INTO M_MENU_DETAIL (MENU_DETAIL_ID, MENU_DETAIL_DESC,MENU_DETAIL_URL,MENU_ID,SKIP_AUDIT_TRAIL) VALUES ('P-OL1', 'Permohonan Online-List','/layanan/list-data-permohonan-online','P-OL','f');
INSERT INTO M_MENU_DETAIL (MENU_DETAIL_ID, MENU_DETAIL_DESC,MENU_DETAIL_URL,MENU_ID,SKIP_AUDIT_TRAIL) VALUES ('P-OL2', 'Permohonan Online-Tambah','/layanan/tambah-permohonan-online','P-OL','f');
INSERT INTO M_MENU_DETAIL (MENU_DETAIL_ID, MENU_DETAIL_DESC,MENU_DETAIL_URL,MENU_ID,SKIP_AUDIT_TRAIL) VALUES ('P-OL3', 'Permohonan Online-Ubah','/layanan/edit-permohonan-online','P-OL','f');
INSERT INTO M_MENU_DETAIL (MENU_DETAIL_ID, MENU_DETAIL_DESC,MENU_DETAIL_URL,MENU_ID,SKIP_AUDIT_TRAIL) VALUES ('PASCA-OL1', 'Pasca Online-List','/layanan/list-pasca-online','PASCA-OL','f');
INSERT INTO M_MENU_DETAIL (MENU_DETAIL_ID, MENU_DETAIL_DESC,MENU_DETAIL_URL,MENU_ID,SKIP_AUDIT_TRAIL) VALUES ('PASCA-OL2', 'Pasca Online-Tambah','/layanan/tambah-pasca-online','PASCA-OL','f');
INSERT INTO M_MENU_DETAIL (MENU_DETAIL_ID, MENU_DETAIL_DESC,MENU_DETAIL_URL,MENU_ID,SKIP_AUDIT_TRAIL) VALUES ('PASCA-OL3', 'Pasca Online-Ubah','/layanan/edit-pasca-online','PASCA-OL','f');
INSERT INTO M_MENU_DETAIL (MENU_DETAIL_ID, MENU_DETAIL_DESC,MENU_DETAIL_URL,MENU_ID,SKIP_AUDIT_TRAIL) VALUES ('LP-L1', 'Loket Permohonan Baru-List','/layanan/loket-penerimaan','LP-L','f');
INSERT INTO M_MENU_DETAIL (MENU_DETAIL_ID, MENU_DETAIL_DESC,MENU_DETAIL_URL,MENU_ID,SKIP_AUDIT_TRAIL) VALUES ('LP-L2', 'Loket Permohonan Baru-Tambah','/layanan/tambah-penerimaan','LP-L','f');
INSERT INTO M_MENU_DETAIL (MENU_DETAIL_ID, MENU_DETAIL_DESC,MENU_DETAIL_URL,MENU_ID,SKIP_AUDIT_TRAIL) VALUES ('LP-D3', 'Loket Penerimaan Dokumen-List','/layanan/loket-dokumen','LP-D','f');
INSERT INTO M_MENU_DETAIL (MENU_DETAIL_ID, MENU_DETAIL_DESC,MENU_DETAIL_URL,MENU_ID,SKIP_AUDIT_TRAIL) VALUES ('LP-D4', 'Loket Penerimaan Dokumen-Tambah','/layanan/tambah-dokumen-baru','LP-D','f');
INSERT INTO M_MENU_DETAIL (MENU_DETAIL_ID, MENU_DETAIL_DESC,MENU_DETAIL_URL,MENU_ID,SKIP_AUDIT_TRAIL) VALUES ('LP-D5', 'Loket Penerimaan Dokumen-Hapus','/layanan/hapus-loket-dokumen','LP-D','f');
INSERT INTO M_MENU_DETAIL (MENU_DETAIL_ID, MENU_DETAIL_DESC,MENU_DETAIL_URL,MENU_ID,SKIP_AUDIT_TRAIL) VALUES ('P-L', 'Permohonan-List','/layanan/list-data-permohonan','P-L','f');
INSERT INTO M_MENU_DETAIL (MENU_DETAIL_ID, MENU_DETAIL_DESC,MENU_DETAIL_URL,MENU_ID,SKIP_AUDIT_TRAIL) VALUES ('P-UT', 'Permohonan-Ubah Tipe','/layanan/detail-ubah-tipe-permohonan','P-UT','f');
INSERT INTO M_MENU_DETAIL (MENU_DETAIL_ID, MENU_DETAIL_DESC,MENU_DETAIL_URL,MENU_ID,SKIP_AUDIT_TRAIL) VALUES ('T-PUG', 'Pratinjau-General-Detail','/layanan/form-edit-general','T-PUG','f');
INSERT INTO M_MENU_DETAIL (MENU_DETAIL_ID, MENU_DETAIL_DESC,MENU_DETAIL_URL,MENU_ID,SKIP_AUDIT_TRAIL) VALUES ('T-PTP', 'Pratinjau-Pemohon-Tambah','/layanan/tambah-pemohon','T-PTP','f');
INSERT INTO M_MENU_DETAIL (MENU_DETAIL_ID, MENU_DETAIL_DESC,MENU_DETAIL_URL,MENU_ID,SKIP_AUDIT_TRAIL) VALUES ('T-PTK', 'Pratinjau-Kuasa-Tambah','/layanan/tambah-kuasa','T-PTK','f');
INSERT INTO M_MENU_DETAIL (MENU_DETAIL_ID, MENU_DETAIL_DESC,MENU_DETAIL_URL,MENU_ID,SKIP_AUDIT_TRAIL) VALUES ('T-PUPR', 'Pratinjau-Prioritas-Detail','/layanan/form-edit-prioritas','T-PUPR','f');
INSERT INTO M_MENU_DETAIL (MENU_DETAIL_ID, MENU_DETAIL_DESC,MENU_DETAIL_URL,MENU_ID,SKIP_AUDIT_TRAIL) VALUES ('T-PTPPR', 'Pratinjau-Prioritas-Detail-Tambah','modal','T-PTPPR','f');
INSERT INTO M_MENU_DETAIL (MENU_DETAIL_ID, MENU_DETAIL_DESC,MENU_DETAIL_URL,MENU_ID,SKIP_AUDIT_TRAIL) VALUES ('T-PUPPR', 'Pratinjau-Prioritas-Detail-Update','modal','T-PUPPR','f');
INSERT INTO M_MENU_DETAIL (MENU_DETAIL_ID, MENU_DETAIL_DESC,MENU_DETAIL_URL,MENU_ID,SKIP_AUDIT_TRAIL) VALUES ('T-PUKS', 'Pratinjau-Kelas-Detail','/layanan/form-edit-kelas','T-PUKS','f');
INSERT INTO M_MENU_DETAIL (MENU_DETAIL_ID, MENU_DETAIL_DESC,MENU_DETAIL_URL,MENU_ID,SKIP_AUDIT_TRAIL) VALUES ('T-PTKLS', 'Pratinjau-Kelas-Detail-Tambah','modal','T-PTKLS','f');
INSERT INTO M_MENU_DETAIL (MENU_DETAIL_ID, MENU_DETAIL_DESC,MENU_DETAIL_URL,MENU_ID,SKIP_AUDIT_TRAIL) VALUES ('T-PUD', 'Pratinjau-Data Lampiran-Detail','/layanan/form-edit-dokumen-lampiran','T-PUD','f');
INSERT INTO M_MENU_DETAIL (MENU_DETAIL_ID, MENU_DETAIL_DESC,MENU_DETAIL_URL,MENU_ID,SKIP_AUDIT_TRAIL) VALUES ('T-PGST', 'Pratinjau-Registrasi-Generate','button','T-PGST','f');
INSERT INTO M_MENU_DETAIL (MENU_DETAIL_ID, MENU_DETAIL_DESC,MENU_DETAIL_URL,MENU_ID,SKIP_AUDIT_TRAIL) VALUES ('T-PUST', 'Pratinjau-Registrasi-Generate-Ubah','button','T-PUST','f');
INSERT INTO M_MENU_DETAIL (MENU_DETAIL_ID, MENU_DETAIL_DESC,MENU_DETAIL_URL,MENU_ID,SKIP_AUDIT_TRAIL) VALUES ('T-PCST', 'Pratinjau-Registrasi-Generate-Cetak Sertifikat','button','T-PCST','f');
INSERT INTO M_MENU_DETAIL (MENU_DETAIL_ID, MENU_DETAIL_DESC,MENU_DETAIL_URL,MENU_ID,SKIP_AUDIT_TRAIL) VALUES ('T-PTLS', 'Pratinjau-Lisensi-Tambah','/layanan/tambah-lisensi','T-PTLS','f');
INSERT INTO M_MENU_DETAIL (MENU_DETAIL_ID, MENU_DETAIL_DESC,MENU_DETAIL_URL,MENU_ID,SKIP_AUDIT_TRAIL) VALUES ('PASCA-OFF', 'Pasca Permohonan-List','/layanan/list-pasca-permohonan','PASCA-OFF','f');
INSERT INTO M_MENU_DETAIL (MENU_DETAIL_ID, MENU_DETAIL_DESC,MENU_DETAIL_URL,MENU_ID,SKIP_AUDIT_TRAIL) VALUES ('M-UPL', 'Multiple Upload File','/layanan/permohonan-multiupload','M-UPL','f');
INSERT INTO M_MENU_DETAIL (MENU_DETAIL_ID, MENU_DETAIL_DESC,MENU_DETAIL_URL,MENU_ID,SKIP_AUDIT_TRAIL) VALUES ('P-G', 'Grup Permohonan-List','/layanan/grup-permohonan','P-G','f');
INSERT INTO M_MENU_DETAIL (MENU_DETAIL_ID, MENU_DETAIL_DESC,MENU_DETAIL_URL,MENU_ID,SKIP_AUDIT_TRAIL) VALUES ('T-GP', 'Grup Permohonan-Tambah','/layanan/tambah-grup-permohonan','T-GP','f');
INSERT INTO M_MENU_DETAIL (MENU_DETAIL_ID, MENU_DETAIL_DESC,MENU_DETAIL_URL,MENU_ID,SKIP_AUDIT_TRAIL) VALUES ('PU-L', 'Publikasi-List','/layanan/publikasi','PU-L','f');
INSERT INTO M_MENU_DETAIL (MENU_DETAIL_ID, MENU_DETAIL_DESC,MENU_DETAIL_URL,MENU_ID,SKIP_AUDIT_TRAIL) VALUES ('T-PB', 'Publikasi-Buat BRM','/layanan/publikasi-buat','T-PB','f');
INSERT INTO M_MENU_DETAIL (MENU_DETAIL_ID, MENU_DETAIL_DESC,MENU_DETAIL_URL,MENU_ID,SKIP_AUDIT_TRAIL) VALUES ('T-PBH', 'Publikasi-Hapus','button','T-PBH','f');
INSERT INTO M_MENU_DETAIL (MENU_DETAIL_ID, MENU_DETAIL_DESC,MENU_DETAIL_URL,MENU_ID,SKIP_AUDIT_TRAIL) VALUES ('PT-L', 'Pelayanan Teknis-List','/layanan/pelayanan-teknis','PT-L','f');
INSERT INTO M_MENU_DETAIL (MENU_DETAIL_ID, MENU_DETAIL_DESC,MENU_DETAIL_URL,MENU_ID,SKIP_AUDIT_TRAIL) VALUES ('T-PT', 'Pelayanan Teknis-Distribusi','/layanan/distribusi','T-PT','f');
INSERT INTO M_MENU_DETAIL (MENU_DETAIL_ID, MENU_DETAIL_DESC,MENU_DETAIL_URL,MENU_ID,SKIP_AUDIT_TRAIL) VALUES ('PS-L', 'Pemeriksaan Substantif-List','/layanan/pemeriksaan-substantif','PS-L','f');
INSERT INTO M_MENU_DETAIL (MENU_DETAIL_ID, MENU_DETAIL_DESC,MENU_DETAIL_URL,MENU_ID,SKIP_AUDIT_TRAIL) VALUES ('C-I', 'Penelusuran Figuratif','/layanan/list-cek-logo','C-I','f');
INSERT INTO M_MENU_DETAIL (MENU_DETAIL_ID, MENU_DETAIL_DESC,MENU_DETAIL_URL,MENU_ID,SKIP_AUDIT_TRAIL) VALUES ('MD', 'Madrid-List','/layanan/list-madrid','MD','f');
INSERT INTO M_MENU_DETAIL (MENU_DETAIL_ID, MENU_DETAIL_DESC,MENU_DETAIL_URL,MENU_ID,SKIP_AUDIT_TRAIL) VALUES ('LOG', 'Log History','/layanan/list-log','LOG','f');
INSERT INTO M_MENU_DETAIL (MENU_DETAIL_ID, MENU_DETAIL_DESC,MENU_DETAIL_URL,MENU_ID,SKIP_AUDIT_TRAIL) VALUES ('I-CLS', 'Migrasi Data Kelas','/layanan/import-class','I-CLS','f');
INSERT INTO M_MENU_DETAIL (MENU_DETAIL_ID, MENU_DETAIL_DESC,MENU_DETAIL_URL,MENU_ID,SKIP_AUDIT_TRAIL) VALUES ('M-KLS', 'Maintenance-Kelas-List','/layanan/list-master-kelas','M-KLS','f');
INSERT INTO M_MENU_DETAIL (MENU_DETAIL_ID, MENU_DETAIL_DESC,MENU_DETAIL_URL,MENU_ID,SKIP_AUDIT_TRAIL) VALUES ('T-TDKLS', 'Maintenance-Kelas-Tambah','/layanan/tambah-kelas-detail-baru','T-TDKLS','f');
INSERT INTO M_MENU_DETAIL (MENU_DETAIL_ID, MENU_DETAIL_DESC,MENU_DETAIL_URL,MENU_ID,SKIP_AUDIT_TRAIL) VALUES ('T-UDKLS', 'Maintenance-Kelas-Ubah','/layanan/edit-kelas','T-UDKLS','f');
INSERT INTO M_MENU_DETAIL (MENU_DETAIL_ID, MENU_DETAIL_DESC,MENU_DETAIL_URL,MENU_ID,SKIP_AUDIT_TRAIL) VALUES ('T-TKLSD', 'Maintenance-Kelas Detail-Tambah','/layanan/tambah-kelas-detail-baru','T-TKLSD','f');
INSERT INTO M_MENU_DETAIL (MENU_DETAIL_ID, MENU_DETAIL_DESC,MENU_DETAIL_URL,MENU_ID,SKIP_AUDIT_TRAIL) VALUES ('T-UKLSD', 'Maintenance-Kelas Detail-Ubah','/layanan/edit-kelas-detail','T-UKLSD','f');
INSERT INTO M_MENU_DETAIL (MENU_DETAIL_ID, MENU_DETAIL_DESC,MENU_DETAIL_URL,MENU_ID,SKIP_AUDIT_TRAIL) VALUES ('T-UPKLSD', 'Maintenance-Kelas Detail-Update/Upload','modal','T-UPKLSD','f');
INSERT INTO M_MENU_DETAIL (MENU_DETAIL_ID, MENU_DETAIL_DESC,MENU_DETAIL_URL,MENU_ID,SKIP_AUDIT_TRAIL) VALUES ('M-KON', 'Maintenance-Kuasa-List','/layanan/list-konsultan','M-KON','f');
INSERT INTO M_MENU_DETAIL (MENU_DETAIL_ID, MENU_DETAIL_DESC,MENU_DETAIL_URL,MENU_ID,SKIP_AUDIT_TRAIL) VALUES ('T-TKUA', 'Maintenance-Kuasa-Tambah','/layanan/tambah-konsultan','T-TKUA','f');
INSERT INTO M_MENU_DETAIL (MENU_DETAIL_ID, MENU_DETAIL_DESC,MENU_DETAIL_URL,MENU_ID,SKIP_AUDIT_TRAIL) VALUES ('T-UKUA', 'Maintenance-Kuasa-Ubah','/layanan/edit-konsultan','T-UKUA','f');
INSERT INTO M_MENU_DETAIL (MENU_DETAIL_ID, MENU_DETAIL_DESC,MENU_DETAIL_URL,MENU_ID,SKIP_AUDIT_TRAIL) VALUES ('M-RS', 'Maintenance-Role Substantif-List','/layanan/list-role-substantif','M-RS','f');
INSERT INTO M_MENU_DETAIL (MENU_DETAIL_ID, MENU_DETAIL_DESC,MENU_DETAIL_URL,MENU_ID,SKIP_AUDIT_TRAIL) VALUES ('T-TRLS', 'Maintenance-Role Substantif-Tambah','/layanan/tambah-role-substantif','T-TRLS','f');
INSERT INTO M_MENU_DETAIL (MENU_DETAIL_ID, MENU_DETAIL_DESC,MENU_DETAIL_URL,MENU_ID,SKIP_AUDIT_TRAIL) VALUES ('T-URLS', 'Maintenance-Role Substantif-Ubah Role Substantif','/layanan/edit-role-substantif','T-URLS','f');
INSERT INTO M_MENU_DETAIL (MENU_DETAIL_ID, MENU_DETAIL_DESC,MENU_DETAIL_URL,MENU_ID,SKIP_AUDIT_TRAIL) VALUES ('T-TUSRRLS', 'Maintenance-Role Substantif-User-Tambah','modal','T-TUSRRLS','f');
INSERT INTO M_MENU_DETAIL (MENU_DETAIL_ID, MENU_DETAIL_DESC,MENU_DETAIL_URL,MENU_ID,SKIP_AUDIT_TRAIL) VALUES ('T-HUSRRLS', 'Maintenance-Role Substantif-User-Hapus','modal','T-HUSRRLS','f');
INSERT INTO M_MENU_DETAIL (MENU_DETAIL_ID, MENU_DETAIL_DESC,MENU_DETAIL_URL,MENU_ID,SKIP_AUDIT_TRAIL) VALUES ('M-DS', 'Setting-Subdit-List','/layanan/list-departemen','M-DS','f');
INSERT INTO M_MENU_DETAIL (MENU_DETAIL_ID, MENU_DETAIL_DESC,MENU_DETAIL_URL,MENU_ID,SKIP_AUDIT_TRAIL) VALUES ('T-DP', 'Setting-Subdit-Tambah','/layanan/tambah-departemen','T-DP','f');
INSERT INTO M_MENU_DETAIL (MENU_DETAIL_ID, MENU_DETAIL_DESC,MENU_DETAIL_URL,MENU_ID,SKIP_AUDIT_TRAIL) VALUES ('T-UDP', 'Setting-Subdit-Ubah','/layanan/edit-departemen','T-UDP','f');
INSERT INTO M_MENU_DETAIL (MENU_DETAIL_ID, MENU_DETAIL_DESC,MENU_DETAIL_URL,MENU_ID,SKIP_AUDIT_TRAIL) VALUES ('T-BG', 'Setting-Seksi-Tambah','/layanan/tambah-bagian','T-BG','f');
INSERT INTO M_MENU_DETAIL (MENU_DETAIL_ID, MENU_DETAIL_DESC,MENU_DETAIL_URL,MENU_ID,SKIP_AUDIT_TRAIL) VALUES ('T-UBG', 'Setting-Seksi-Ubah','/layanan/edit-bagian','T-UBG','f');
INSERT INTO M_MENU_DETAIL (MENU_DETAIL_ID, MENU_DETAIL_DESC,MENU_DETAIL_URL,MENU_ID,SKIP_AUDIT_TRAIL) VALUES ('M-WF', 'Konfigurasi-Workflow-List','/layanan/list-workflow','M-WF','f');
INSERT INTO M_MENU_DETAIL (MENU_DETAIL_ID, MENU_DETAIL_DESC,MENU_DETAIL_URL,MENU_ID,SKIP_AUDIT_TRAIL) VALUES ('T-WK', 'Konfigurasi-Workflow-Tambah','/layanan/tambah-workflow','T-WK','f');
INSERT INTO M_MENU_DETAIL (MENU_DETAIL_ID, MENU_DETAIL_DESC,MENU_DETAIL_URL,MENU_ID,SKIP_AUDIT_TRAIL) VALUES ('T-UWK', 'Konfigurasi-Workflow-Ubah','/layanan/edit-workflow','T-UWK','f');
INSERT INTO M_MENU_DETAIL (MENU_DETAIL_ID, MENU_DETAIL_DESC,MENU_DETAIL_URL,MENU_ID,SKIP_AUDIT_TRAIL) VALUES ('M-KD', 'Konfigurasi-Dokumen-List','/layanan/list-dokumen','M-KD','f');
INSERT INTO M_MENU_DETAIL (MENU_DETAIL_ID, MENU_DETAIL_DESC,MENU_DETAIL_URL,MENU_ID,SKIP_AUDIT_TRAIL) VALUES ('T-DK', 'Konfigurasi-Dokumen-Tambah','/layanan/tambah-dokumen','T-DK','f');
INSERT INTO M_MENU_DETAIL (MENU_DETAIL_ID, MENU_DETAIL_DESC,MENU_DETAIL_URL,MENU_ID,SKIP_AUDIT_TRAIL) VALUES ('T-UDK', 'Konfigurasi-Dokumen-Ubah','/layanan/edit-dokumen','T-UDK','f');
INSERT INTO M_MENU_DETAIL (MENU_DETAIL_ID, MENU_DETAIL_DESC,MENU_DETAIL_URL,MENU_ID,SKIP_AUDIT_TRAIL) VALUES ('M-KS', 'Konfigurasi-Status-List','/layanan/list-status','M-KS','f');
INSERT INTO M_MENU_DETAIL (MENU_DETAIL_ID, MENU_DETAIL_DESC,MENU_DETAIL_URL,MENU_ID,SKIP_AUDIT_TRAIL) VALUES ('T-ST', 'Konfigurasi-Status-Tambah','/layanan/tambah-status','T-ST','f');
INSERT INTO M_MENU_DETAIL (MENU_DETAIL_ID, MENU_DETAIL_DESC,MENU_DETAIL_URL,MENU_ID,SKIP_AUDIT_TRAIL) VALUES ('T-UST', 'Konfigurasi-Status-Ubah','/layanan/edit-status','T-UST','f');
INSERT INTO M_MENU_DETAIL (MENU_DETAIL_ID, MENU_DETAIL_DESC,MENU_DETAIL_URL,MENU_ID,SKIP_AUDIT_TRAIL) VALUES ('M-KA', 'Konfigurasi-Aksi-List','/layanan/list-aksi','M-KA','f');
INSERT INTO M_MENU_DETAIL (MENU_DETAIL_ID, MENU_DETAIL_DESC,MENU_DETAIL_URL,MENU_ID,SKIP_AUDIT_TRAIL) VALUES ('T-AK', 'Konfigurasi-Aksi-Tambah','/layanan/tambah-aksi','T-AK','f');
INSERT INTO M_MENU_DETAIL (MENU_DETAIL_ID, MENU_DETAIL_DESC,MENU_DETAIL_URL,MENU_ID,SKIP_AUDIT_TRAIL) VALUES ('T-UAK', 'Konfigurasi-Aksi-Ubah','/layanan/edit-aksi','T-UAK','f');
INSERT INTO M_MENU_DETAIL (MENU_DETAIL_ID, MENU_DETAIL_DESC,MENU_DETAIL_URL,MENU_ID,SKIP_AUDIT_TRAIL) VALUES ('M-WFP', 'Konfigurasi-Workflow Proses-List','/layanan/list-workflow-process','M-WFP','f');
INSERT INTO M_MENU_DETAIL (MENU_DETAIL_ID, MENU_DETAIL_DESC,MENU_DETAIL_URL,MENU_ID,SKIP_AUDIT_TRAIL) VALUES ('T-WP', 'Konfigurasi-Workflow Process-Tambah','/layanan/tambah-workflow-process','T-WP','f');
INSERT INTO M_MENU_DETAIL (MENU_DETAIL_ID, MENU_DETAIL_DESC,MENU_DETAIL_URL,MENU_ID,SKIP_AUDIT_TRAIL) VALUES ('T-DWP', 'Konfigurasi-Workflow Process-Detail','/layanan/detail-workflow-process','T-DWP','f');
INSERT INTO M_MENU_DETAIL (MENU_DETAIL_ID, MENU_DETAIL_DESC,MENU_DETAIL_URL,MENU_ID,SKIP_AUDIT_TRAIL) VALUES ('T-WPA', 'Konfigurasi-Workflow Process-Tambah-Aksi','/layanan/tambah-workflow-process-action','T-WPA','f');
INSERT INTO M_MENU_DETAIL (MENU_DETAIL_ID, MENU_DETAIL_DESC,MENU_DETAIL_URL,MENU_ID,SKIP_AUDIT_TRAIL) VALUES ('M-UUD', 'Setting-Undang-undang-List','/layanan/list-undang-undang','M-UUD','f');
INSERT INTO M_MENU_DETAIL (MENU_DETAIL_ID, MENU_DETAIL_DESC,MENU_DETAIL_URL,MENU_ID,SKIP_AUDIT_TRAIL) VALUES ('T-UG', 'Setting-Undang-undang-Tambah','/layanan/tambah-undang-undang','T-UG','f');
INSERT INTO M_MENU_DETAIL (MENU_DETAIL_ID, MENU_DETAIL_DESC,MENU_DETAIL_URL,MENU_ID,SKIP_AUDIT_TRAIL) VALUES ('T-UUG', 'Setting-Undang-undang-Ubah','/layanan/edit-undang-undang','T-UUG','f');
INSERT INTO M_MENU_DETAIL (MENU_DETAIL_ID, MENU_DETAIL_DESC,MENU_DETAIL_URL,MENU_ID,SKIP_AUDIT_TRAIL) VALUES ('M-NEG', 'Setting-Negara-List','/layanan/list-negara','M-NEG','f');
INSERT INTO M_MENU_DETAIL (MENU_DETAIL_ID, MENU_DETAIL_DESC,MENU_DETAIL_URL,MENU_ID,SKIP_AUDIT_TRAIL) VALUES ('T-NG', 'Setting-Negara-Tambah','/layanan/tambah-negara','T-NG','f');
INSERT INTO M_MENU_DETAIL (MENU_DETAIL_ID, MENU_DETAIL_DESC,MENU_DETAIL_URL,MENU_ID,SKIP_AUDIT_TRAIL) VALUES ('T-UNG', 'Setting-Negara-Ubah','/layanan/edit-negara','T-UNG','f');
INSERT INTO M_MENU_DETAIL (MENU_DETAIL_ID, MENU_DETAIL_DESC,MENU_DETAIL_URL,MENU_ID,SKIP_AUDIT_TRAIL) VALUES ('M-PROV', 'Setting-Provinsi-List','/layanan/list-provinsi','M-PROV','f');
INSERT INTO M_MENU_DETAIL (MENU_DETAIL_ID, MENU_DETAIL_DESC,MENU_DETAIL_URL,MENU_ID,SKIP_AUDIT_TRAIL) VALUES ('T-PR', 'Setting-Provinsi-Tambah','/layanan/tambah-provinsi','T-PR','f');
INSERT INTO M_MENU_DETAIL (MENU_DETAIL_ID, MENU_DETAIL_DESC,MENU_DETAIL_URL,MENU_ID,SKIP_AUDIT_TRAIL) VALUES ('T-UPR', 'Setting-Provinsi-Ubah','/layanan/edit-provinsi','T-UPR','f');
INSERT INTO M_MENU_DETAIL (MENU_DETAIL_ID, MENU_DETAIL_DESC,MENU_DETAIL_URL,MENU_ID,SKIP_AUDIT_TRAIL) VALUES ('T-KT', 'Setting-Kota-Tambah','/layanan/tambah-kota','T-KT','f');
INSERT INTO M_MENU_DETAIL (MENU_DETAIL_ID, MENU_DETAIL_DESC,MENU_DETAIL_URL,MENU_ID,SKIP_AUDIT_TRAIL) VALUES ('T-UKT', 'Setting-Kota-Ubah','/layanan/edit-kota','T-UKT','f');
INSERT INTO M_MENU_DETAIL (MENU_DETAIL_ID, MENU_DETAIL_DESC,MENU_DETAIL_URL,MENU_ID,SKIP_AUDIT_TRAIL) VALUES ('M-DT', 'Setting-Jenis Dokumen-List','/layanan/list-jenis-dokumen','M-DT','f');
INSERT INTO M_MENU_DETAIL (MENU_DETAIL_ID, MENU_DETAIL_DESC,MENU_DETAIL_URL,MENU_ID,SKIP_AUDIT_TRAIL) VALUES ('T-JD', 'Setting-Jenis Dokumen-Tambah','/layanan/tambah-jenis-dokumen','T-JD','f');
INSERT INTO M_MENU_DETAIL (MENU_DETAIL_ID, MENU_DETAIL_DESC,MENU_DETAIL_URL,MENU_ID,SKIP_AUDIT_TRAIL) VALUES ('T-UJD', 'Setting-Jenis Dokumen-Ubah','/layanan/edit-jenis-dokumen','T-UJD','f');
INSERT INTO M_MENU_DETAIL (MENU_DETAIL_ID, MENU_DETAIL_DESC,MENU_DETAIL_URL,MENU_ID,SKIP_AUDIT_TRAIL) VALUES ('T-DJD', 'Setting-Jenis Dokumen-Detail','/layanan/detail-dokumen','T-DJD','f');
INSERT INTO M_MENU_DETAIL (MENU_DETAIL_ID, MENU_DETAIL_DESC,MENU_DETAIL_URL,MENU_ID,SKIP_AUDIT_TRAIL) VALUES ('M-AP', 'Setting-Asal Permohonan-List','/layanan/list-asal-permohonan','M-AP','f');
INSERT INTO M_MENU_DETAIL (MENU_DETAIL_ID, MENU_DETAIL_DESC,MENU_DETAIL_URL,MENU_ID,SKIP_AUDIT_TRAIL) VALUES ('T-AP', 'Setting-Asal Permohonan-Tambah','/layanan/tambah-asal-permohonan','T-AP','f');
INSERT INTO M_MENU_DETAIL (MENU_DETAIL_ID, MENU_DETAIL_DESC,MENU_DETAIL_URL,MENU_ID,SKIP_AUDIT_TRAIL) VALUES ('T-UAP', 'Setting-Asal Permohonan-Ubah','/layanan/edit-asal-permohonan','T-UAP','f');
INSERT INTO M_MENU_DETAIL (MENU_DETAIL_ID, MENU_DETAIL_DESC,MENU_DETAIL_URL,MENU_ID,SKIP_AUDIT_TRAIL) VALUES ('M-TP', 'Setting-Tipe Permohonan-List','/layanan/list-tipe-permohonan','M-TP','f');
INSERT INTO M_MENU_DETAIL (MENU_DETAIL_ID, MENU_DETAIL_DESC,MENU_DETAIL_URL,MENU_ID,SKIP_AUDIT_TRAIL) VALUES ('T-TP', 'Setting-Tipe Permohonan-Tambah','/layanan/tambah-tipe','T-TP','f');
INSERT INTO M_MENU_DETAIL (MENU_DETAIL_ID, MENU_DETAIL_DESC,MENU_DETAIL_URL,MENU_ID,SKIP_AUDIT_TRAIL) VALUES ('T-UTP', 'Setting-Tipe Permohonan-Ubah','/layanan/edit-tipe','T-UTP','f');
INSERT INTO M_MENU_DETAIL (MENU_DETAIL_ID, MENU_DETAIL_DESC,MENU_DETAIL_URL,MENU_ID,SKIP_AUDIT_TRAIL) VALUES ('M-US', 'User Management-User-List','/layanan/list-user','M-US','f');
INSERT INTO M_MENU_DETAIL (MENU_DETAIL_ID, MENU_DETAIL_DESC,MENU_DETAIL_URL,MENU_ID,SKIP_AUDIT_TRAIL) VALUES ('T-TUR', 'User Management-User-Tambah','/layanan/tambah-user','T-TUR','f');
INSERT INTO M_MENU_DETAIL (MENU_DETAIL_ID, MENU_DETAIL_DESC,MENU_DETAIL_URL,MENU_ID,SKIP_AUDIT_TRAIL) VALUES ('T-UUR', 'User Management-User-Ubah','/layanan/edit-user','T-UUR','f');
INSERT INTO M_MENU_DETAIL (MENU_DETAIL_ID, MENU_DETAIL_DESC,MENU_DETAIL_URL,MENU_ID,SKIP_AUDIT_TRAIL) VALUES ('T-USRL', 'User Management-User-Role','/layanan/tambah-user-role','T-USRL','f');
INSERT INTO M_MENU_DETAIL (MENU_DETAIL_ID, MENU_DETAIL_DESC,MENU_DETAIL_URL,MENU_ID,SKIP_AUDIT_TRAIL) VALUES ('M-RL', 'User Management-Role-List','/layanan/list-role','M-RL','f');
INSERT INTO M_MENU_DETAIL (MENU_DETAIL_ID, MENU_DETAIL_DESC,MENU_DETAIL_URL,MENU_ID,SKIP_AUDIT_TRAIL) VALUES ('T-TRL', 'User Management-Role-Tambah','/layanan/tambah-role','T-TRL','f');
INSERT INTO M_MENU_DETAIL (MENU_DETAIL_ID, MENU_DETAIL_DESC,MENU_DETAIL_URL,MENU_ID,SKIP_AUDIT_TRAIL) VALUES ('T-URL', 'User Management-Role-Ubah','/layanan/edit-role','T-URL','f');
INSERT INTO M_MENU_DETAIL (MENU_DETAIL_ID, MENU_DETAIL_DESC,MENU_DETAIL_URL,MENU_ID,SKIP_AUDIT_TRAIL) VALUES ('T-MRL', 'User Management-Role-Menu','/layanan/input-role','T-MRL','f');
INSERT INTO M_MENU_DETAIL (MENU_DETAIL_ID, MENU_DETAIL_DESC,MENU_DETAIL_URL,MENU_ID,SKIP_AUDIT_TRAIL) VALUES ('M-DO', 'User Management-Registrasi Akun-List','/layanan/list-daftar-online','M-DO','f');
INSERT INTO M_MENU_DETAIL (MENU_DETAIL_ID, MENU_DETAIL_DESC,MENU_DETAIL_URL,MENU_ID,SKIP_AUDIT_TRAIL) VALUES ('T-REGA', 'User Management-Registrasi Akun-Approve & Reject','button','T-REGA','f');
INSERT INTO M_MENU_DETAIL (MENU_DETAIL_ID, MENU_DETAIL_DESC,MENU_DETAIL_URL,MENU_ID,SKIP_AUDIT_TRAIL) VALUES ('T-EXT', 'Pratinjau-Registrasi-Extend','button','T-EXT','f');
INSERT INTO M_MENU_DETAIL (MENU_DETAIL_ID, MENU_DETAIL_DESC,MENU_DETAIL_URL,MENU_ID,SKIP_AUDIT_TRAIL) VALUES ('T-RGRTS', 'Pratinjau-Registrasi-Regenerate Sertifikat','button','T-RGRTS','f');
INSERT INTO M_MENU_DETAIL (MENU_DETAIL_ID, MENU_DETAIL_DESC,MENU_DETAIL_URL,MENU_ID,SKIP_AUDIT_TRAIL) VALUES ('T-HPSST', 'Pratinjau-Registrasi-Hapus Sertifikat dan Extend','button','T-HPSST','f');
INSERT INTO M_MENU_DETAIL (MENU_DETAIL_ID, MENU_DETAIL_DESC,MENU_DETAIL_URL,MENU_ID,SKIP_AUDIT_TRAIL) VALUES ('PUB-PEM', 'Publikasi Pemohon','/layanan/home-display','PUB-PEM',f); 
--INSERT INTO M_MENU_DETAIL (MENU_DETAIL_ID, MENU_DETAIL_DESC,MENU_DETAIL_URL,MENU_ID,SKIP_AUDIT_TRAIL) VALUES ('M-HD', 'Home Display','/layanan/publikasi-pemohon','MHD',f);

INSERT INTO M_ROLE_DETAIL (ROLE_DETAIL_ID, MENU_DETAIL_ID,ROLE_ID, CREATED_BY, CREATED_DATE, SKIP_AUDIT_TRAIL) VALUES ('RD0001', 'P-OL1','PUBLIC','SYSTEM',CURRENT_TIMESTAMP,'f');
INSERT INTO M_ROLE_DETAIL (ROLE_DETAIL_ID, MENU_DETAIL_ID,ROLE_ID, CREATED_BY, CREATED_DATE, SKIP_AUDIT_TRAIL) VALUES ('RD0002', 'P-OL2','PUBLIC','SYSTEM',CURRENT_TIMESTAMP,'f');
INSERT INTO M_ROLE_DETAIL (ROLE_DETAIL_ID, MENU_DETAIL_ID,ROLE_ID, CREATED_BY, CREATED_DATE, SKIP_AUDIT_TRAIL) VALUES ('RD0003', 'P-OL3','PUBLIC','SYSTEM',CURRENT_TIMESTAMP,'f');
INSERT INTO M_ROLE_DETAIL (ROLE_DETAIL_ID, MENU_DETAIL_ID,ROLE_ID, CREATED_BY, CREATED_DATE, SKIP_AUDIT_TRAIL) VALUES ('RD0004', 'PASCA-OL1','PUBLIC','SYSTEM',CURRENT_TIMESTAMP,'f');
INSERT INTO M_ROLE_DETAIL (ROLE_DETAIL_ID, MENU_DETAIL_ID,ROLE_ID, CREATED_BY, CREATED_DATE, SKIP_AUDIT_TRAIL) VALUES ('RD0005', 'PASCA-OL2','PUBLIC','SYSTEM',CURRENT_TIMESTAMP,'f');
INSERT INTO M_ROLE_DETAIL (ROLE_DETAIL_ID, MENU_DETAIL_ID,ROLE_ID, CREATED_BY, CREATED_DATE, SKIP_AUDIT_TRAIL) VALUES ('RD0006', 'PASCA-OL3','PUBLIC','SYSTEM',CURRENT_TIMESTAMP,'f');
INSERT INTO M_ROLE_DETAIL (ROLE_DETAIL_ID, MENU_DETAIL_ID,ROLE_ID, CREATED_BY, CREATED_DATE, SKIP_AUDIT_TRAIL) VALUES ('RD0007', 'DB','ADMINISTRATOR','SYSTEM',CURRENT_TIMESTAMP,'f');
INSERT INTO M_ROLE_DETAIL (ROLE_DETAIL_ID, MENU_DETAIL_ID,ROLE_ID, CREATED_BY, CREATED_DATE, SKIP_AUDIT_TRAIL) VALUES ('RD0008', 'P-OL1','ADMINISTRATOR','SYSTEM',CURRENT_TIMESTAMP,'f');
INSERT INTO M_ROLE_DETAIL (ROLE_DETAIL_ID, MENU_DETAIL_ID,ROLE_ID, CREATED_BY, CREATED_DATE, SKIP_AUDIT_TRAIL) VALUES ('RD0009', 'P-OL2','ADMINISTRATOR','SYSTEM',CURRENT_TIMESTAMP,'f');
INSERT INTO M_ROLE_DETAIL (ROLE_DETAIL_ID, MENU_DETAIL_ID,ROLE_ID, CREATED_BY, CREATED_DATE, SKIP_AUDIT_TRAIL) VALUES ('RD0010', 'P-OL3','ADMINISTRATOR','SYSTEM',CURRENT_TIMESTAMP,'f');
INSERT INTO M_ROLE_DETAIL (ROLE_DETAIL_ID, MENU_DETAIL_ID,ROLE_ID, CREATED_BY, CREATED_DATE, SKIP_AUDIT_TRAIL) VALUES ('RD0011', 'PASCA-OL1','ADMINISTRATOR','SYSTEM',CURRENT_TIMESTAMP,'f');
INSERT INTO M_ROLE_DETAIL (ROLE_DETAIL_ID, MENU_DETAIL_ID,ROLE_ID, CREATED_BY, CREATED_DATE, SKIP_AUDIT_TRAIL) VALUES ('RD0012', 'PASCA-OL2','ADMINISTRATOR','SYSTEM',CURRENT_TIMESTAMP,'f');
INSERT INTO M_ROLE_DETAIL (ROLE_DETAIL_ID, MENU_DETAIL_ID,ROLE_ID, CREATED_BY, CREATED_DATE, SKIP_AUDIT_TRAIL) VALUES ('RD0013', 'PASCA-OL3','ADMINISTRATOR','SYSTEM',CURRENT_TIMESTAMP,'f');
--INSERT INTO M_ROLE_DETAIL (ROLE_DETAIL_ID, MENU_DETAIL_ID,ROLE_ID, CREATED_BY, CREATED_DATE, SKIP_AUDIT_TRAIL) VALUES ('RD0014', 'LP-L1','ADMINISTRATOR','SYSTEM',CURRENT_TIMESTAMP,'f');
--INSERT INTO M_ROLE_DETAIL (ROLE_DETAIL_ID, MENU_DETAIL_ID,ROLE_ID, CREATED_BY, CREATED_DATE, SKIP_AUDIT_TRAIL) VALUES ('RD0015', 'LP-L2','ADMINISTRATOR','SYSTEM',CURRENT_TIMESTAMP,'f');
--INSERT INTO M_ROLE_DETAIL (ROLE_DETAIL_ID, MENU_DETAIL_ID,ROLE_ID, CREATED_BY, CREATED_DATE, SKIP_AUDIT_TRAIL) VALUES ('RD0016', 'LP-D3','ADMINISTRATOR','SYSTEM',CURRENT_TIMESTAMP,'f');
--INSERT INTO M_ROLE_DETAIL (ROLE_DETAIL_ID, MENU_DETAIL_ID,ROLE_ID, CREATED_BY, CREATED_DATE, SKIP_AUDIT_TRAIL) VALUES ('RD0017', 'LP-D4','ADMINISTRATOR','SYSTEM',CURRENT_TIMESTAMP,'f');
--INSERT INTO M_ROLE_DETAIL (ROLE_DETAIL_ID, MENU_DETAIL_ID,ROLE_ID, CREATED_BY, CREATED_DATE, SKIP_AUDIT_TRAIL) VALUES ('RD0018', 'LP-D5','ADMINISTRATOR','SYSTEM',CURRENT_TIMESTAMP,'f');
INSERT INTO M_ROLE_DETAIL (ROLE_DETAIL_ID, MENU_DETAIL_ID,ROLE_ID, CREATED_BY, CREATED_DATE, SKIP_AUDIT_TRAIL) VALUES ('RD0019', 'P-L','ADMINISTRATOR','SYSTEM',CURRENT_TIMESTAMP,'f');
INSERT INTO M_ROLE_DETAIL (ROLE_DETAIL_ID, MENU_DETAIL_ID,ROLE_ID, CREATED_BY, CREATED_DATE, SKIP_AUDIT_TRAIL) VALUES ('RD0020', 'P-UT','ADMINISTRATOR','SYSTEM',CURRENT_TIMESTAMP,'f');
INSERT INTO M_ROLE_DETAIL (ROLE_DETAIL_ID, MENU_DETAIL_ID,ROLE_ID, CREATED_BY, CREATED_DATE, SKIP_AUDIT_TRAIL) VALUES ('RD0021', 'T-PUG','ADMINISTRATOR','SYSTEM',CURRENT_TIMESTAMP,'f');
INSERT INTO M_ROLE_DETAIL (ROLE_DETAIL_ID, MENU_DETAIL_ID,ROLE_ID, CREATED_BY, CREATED_DATE, SKIP_AUDIT_TRAIL) VALUES ('RD0022', 'T-PTP','ADMINISTRATOR','SYSTEM',CURRENT_TIMESTAMP,'f');
INSERT INTO M_ROLE_DETAIL (ROLE_DETAIL_ID, MENU_DETAIL_ID,ROLE_ID, CREATED_BY, CREATED_DATE, SKIP_AUDIT_TRAIL) VALUES ('RD0023', 'T-PTK','ADMINISTRATOR','SYSTEM',CURRENT_TIMESTAMP,'f');
INSERT INTO M_ROLE_DETAIL (ROLE_DETAIL_ID, MENU_DETAIL_ID,ROLE_ID, CREATED_BY, CREATED_DATE, SKIP_AUDIT_TRAIL) VALUES ('RD0024', 'T-PUPR','ADMINISTRATOR','SYSTEM',CURRENT_TIMESTAMP,'f');
INSERT INTO M_ROLE_DETAIL (ROLE_DETAIL_ID, MENU_DETAIL_ID,ROLE_ID, CREATED_BY, CREATED_DATE, SKIP_AUDIT_TRAIL) VALUES ('RD0025', 'T-PTPPR','ADMINISTRATOR','SYSTEM',CURRENT_TIMESTAMP,'f');
INSERT INTO M_ROLE_DETAIL (ROLE_DETAIL_ID, MENU_DETAIL_ID,ROLE_ID, CREATED_BY, CREATED_DATE, SKIP_AUDIT_TRAIL) VALUES ('RD0026', 'T-PUPPR','ADMINISTRATOR','SYSTEM',CURRENT_TIMESTAMP,'f');
INSERT INTO M_ROLE_DETAIL (ROLE_DETAIL_ID, MENU_DETAIL_ID,ROLE_ID, CREATED_BY, CREATED_DATE, SKIP_AUDIT_TRAIL) VALUES ('RD0027', 'T-PUKS','ADMINISTRATOR','SYSTEM',CURRENT_TIMESTAMP,'f');
INSERT INTO M_ROLE_DETAIL (ROLE_DETAIL_ID, MENU_DETAIL_ID,ROLE_ID, CREATED_BY, CREATED_DATE, SKIP_AUDIT_TRAIL) VALUES ('RD0028', 'T-PTKLS','ADMINISTRATOR','SYSTEM',CURRENT_TIMESTAMP,'f');
INSERT INTO M_ROLE_DETAIL (ROLE_DETAIL_ID, MENU_DETAIL_ID,ROLE_ID, CREATED_BY, CREATED_DATE, SKIP_AUDIT_TRAIL) VALUES ('RD0029', 'T-PUD','ADMINISTRATOR','SYSTEM',CURRENT_TIMESTAMP,'f');
INSERT INTO M_ROLE_DETAIL (ROLE_DETAIL_ID, MENU_DETAIL_ID,ROLE_ID, CREATED_BY, CREATED_DATE, SKIP_AUDIT_TRAIL) VALUES ('RD0030', 'T-PGST','ADMINISTRATOR','SYSTEM',CURRENT_TIMESTAMP,'f');
INSERT INTO M_ROLE_DETAIL (ROLE_DETAIL_ID, MENU_DETAIL_ID,ROLE_ID, CREATED_BY, CREATED_DATE, SKIP_AUDIT_TRAIL) VALUES ('RD0031', 'T-PUST','ADMINISTRATOR','SYSTEM',CURRENT_TIMESTAMP,'f');
INSERT INTO M_ROLE_DETAIL (ROLE_DETAIL_ID, MENU_DETAIL_ID,ROLE_ID, CREATED_BY, CREATED_DATE, SKIP_AUDIT_TRAIL) VALUES ('RD0032', 'T-PCST','ADMINISTRATOR','SYSTEM',CURRENT_TIMESTAMP,'f');
INSERT INTO M_ROLE_DETAIL (ROLE_DETAIL_ID, MENU_DETAIL_ID,ROLE_ID, CREATED_BY, CREATED_DATE, SKIP_AUDIT_TRAIL) VALUES ('RD0033', 'T-PTLS','ADMINISTRATOR','SYSTEM',CURRENT_TIMESTAMP,'f');
INSERT INTO M_ROLE_DETAIL (ROLE_DETAIL_ID, MENU_DETAIL_ID,ROLE_ID, CREATED_BY, CREATED_DATE, SKIP_AUDIT_TRAIL) VALUES ('RD0034', 'PASCA-OFF','ADMINISTRATOR','SYSTEM',CURRENT_TIMESTAMP,'f');
INSERT INTO M_ROLE_DETAIL (ROLE_DETAIL_ID, MENU_DETAIL_ID,ROLE_ID, CREATED_BY, CREATED_DATE, SKIP_AUDIT_TRAIL) VALUES ('RD0035', 'M-UPL','ADMINISTRATOR','SYSTEM',CURRENT_TIMESTAMP,'f');
INSERT INTO M_ROLE_DETAIL (ROLE_DETAIL_ID, MENU_DETAIL_ID,ROLE_ID, CREATED_BY, CREATED_DATE, SKIP_AUDIT_TRAIL) VALUES ('RD0036', 'P-G','ADMINISTRATOR','SYSTEM',CURRENT_TIMESTAMP,'f');
INSERT INTO M_ROLE_DETAIL (ROLE_DETAIL_ID, MENU_DETAIL_ID,ROLE_ID, CREATED_BY, CREATED_DATE, SKIP_AUDIT_TRAIL) VALUES ('RD0037', 'T-GP','ADMINISTRATOR','SYSTEM',CURRENT_TIMESTAMP,'f');
INSERT INTO M_ROLE_DETAIL (ROLE_DETAIL_ID, MENU_DETAIL_ID,ROLE_ID, CREATED_BY, CREATED_DATE, SKIP_AUDIT_TRAIL) VALUES ('RD0038', 'PU-L','ADMINISTRATOR','SYSTEM',CURRENT_TIMESTAMP,'f');
INSERT INTO M_ROLE_DETAIL (ROLE_DETAIL_ID, MENU_DETAIL_ID,ROLE_ID, CREATED_BY, CREATED_DATE, SKIP_AUDIT_TRAIL) VALUES ('RD0039', 'T-PB','ADMINISTRATOR','SYSTEM',CURRENT_TIMESTAMP,'f');
INSERT INTO M_ROLE_DETAIL (ROLE_DETAIL_ID, MENU_DETAIL_ID,ROLE_ID, CREATED_BY, CREATED_DATE, SKIP_AUDIT_TRAIL) VALUES ('RD0040', 'T-PBH','ADMINISTRATOR','SYSTEM',CURRENT_TIMESTAMP,'f');
INSERT INTO M_ROLE_DETAIL (ROLE_DETAIL_ID, MENU_DETAIL_ID,ROLE_ID, CREATED_BY, CREATED_DATE, SKIP_AUDIT_TRAIL) VALUES ('RD0041', 'PT-L','ADMINISTRATOR','SYSTEM',CURRENT_TIMESTAMP,'f');
INSERT INTO M_ROLE_DETAIL (ROLE_DETAIL_ID, MENU_DETAIL_ID,ROLE_ID, CREATED_BY, CREATED_DATE, SKIP_AUDIT_TRAIL) VALUES ('RD0042', 'T-PT','ADMINISTRATOR','SYSTEM',CURRENT_TIMESTAMP,'f');
INSERT INTO M_ROLE_DETAIL (ROLE_DETAIL_ID, MENU_DETAIL_ID,ROLE_ID, CREATED_BY, CREATED_DATE, SKIP_AUDIT_TRAIL) VALUES ('RD0043', 'PS-L','ADMINISTRATOR','SYSTEM',CURRENT_TIMESTAMP,'f');
INSERT INTO M_ROLE_DETAIL (ROLE_DETAIL_ID, MENU_DETAIL_ID,ROLE_ID, CREATED_BY, CREATED_DATE, SKIP_AUDIT_TRAIL) VALUES ('RD0044', 'C-I','ADMINISTRATOR','SYSTEM',CURRENT_TIMESTAMP,'f');
INSERT INTO M_ROLE_DETAIL (ROLE_DETAIL_ID, MENU_DETAIL_ID,ROLE_ID, CREATED_BY, CREATED_DATE, SKIP_AUDIT_TRAIL) VALUES ('RD0045', 'MD','ADMINISTRATOR','SYSTEM',CURRENT_TIMESTAMP,'f');
INSERT INTO M_ROLE_DETAIL (ROLE_DETAIL_ID, MENU_DETAIL_ID,ROLE_ID, CREATED_BY, CREATED_DATE, SKIP_AUDIT_TRAIL) VALUES ('RD0046', 'LOG','ADMINISTRATOR','SYSTEM',CURRENT_TIMESTAMP,'f');
INSERT INTO M_ROLE_DETAIL (ROLE_DETAIL_ID, MENU_DETAIL_ID,ROLE_ID, CREATED_BY, CREATED_DATE, SKIP_AUDIT_TRAIL) VALUES ('RD0047', 'I-CLS','ADMINISTRATOR','SYSTEM',CURRENT_TIMESTAMP,'f');
INSERT INTO M_ROLE_DETAIL (ROLE_DETAIL_ID, MENU_DETAIL_ID,ROLE_ID, CREATED_BY, CREATED_DATE, SKIP_AUDIT_TRAIL) VALUES ('RD0048', 'M-KLS','ADMINISTRATOR','SYSTEM',CURRENT_TIMESTAMP,'f');
INSERT INTO M_ROLE_DETAIL (ROLE_DETAIL_ID, MENU_DETAIL_ID,ROLE_ID, CREATED_BY, CREATED_DATE, SKIP_AUDIT_TRAIL) VALUES ('RD0049', 'T-TDKLS','ADMINISTRATOR','SYSTEM',CURRENT_TIMESTAMP,'f');
INSERT INTO M_ROLE_DETAIL (ROLE_DETAIL_ID, MENU_DETAIL_ID,ROLE_ID, CREATED_BY, CREATED_DATE, SKIP_AUDIT_TRAIL) VALUES ('RD0050', 'T-UDKLS','ADMINISTRATOR','SYSTEM',CURRENT_TIMESTAMP,'f');
INSERT INTO M_ROLE_DETAIL (ROLE_DETAIL_ID, MENU_DETAIL_ID,ROLE_ID, CREATED_BY, CREATED_DATE, SKIP_AUDIT_TRAIL) VALUES ('RD0051', 'T-TKLSD','ADMINISTRATOR','SYSTEM',CURRENT_TIMESTAMP,'f');
INSERT INTO M_ROLE_DETAIL (ROLE_DETAIL_ID, MENU_DETAIL_ID,ROLE_ID, CREATED_BY, CREATED_DATE, SKIP_AUDIT_TRAIL) VALUES ('RD0052', 'T-UKLSD','ADMINISTRATOR','SYSTEM',CURRENT_TIMESTAMP,'f');
INSERT INTO M_ROLE_DETAIL (ROLE_DETAIL_ID, MENU_DETAIL_ID,ROLE_ID, CREATED_BY, CREATED_DATE, SKIP_AUDIT_TRAIL) VALUES ('RD0053', 'T-UPKLSD','ADMINISTRATOR','SYSTEM',CURRENT_TIMESTAMP,'f');
INSERT INTO M_ROLE_DETAIL (ROLE_DETAIL_ID, MENU_DETAIL_ID,ROLE_ID, CREATED_BY, CREATED_DATE, SKIP_AUDIT_TRAIL) VALUES ('RD0054', 'M-KON','ADMINISTRATOR','SYSTEM',CURRENT_TIMESTAMP,'f');
INSERT INTO M_ROLE_DETAIL (ROLE_DETAIL_ID, MENU_DETAIL_ID,ROLE_ID, CREATED_BY, CREATED_DATE, SKIP_AUDIT_TRAIL) VALUES ('RD0055', 'T-TKUA','ADMINISTRATOR','SYSTEM',CURRENT_TIMESTAMP,'f');
INSERT INTO M_ROLE_DETAIL (ROLE_DETAIL_ID, MENU_DETAIL_ID,ROLE_ID, CREATED_BY, CREATED_DATE, SKIP_AUDIT_TRAIL) VALUES ('RD0056', 'T-UKUA','ADMINISTRATOR','SYSTEM',CURRENT_TIMESTAMP,'f');
INSERT INTO M_ROLE_DETAIL (ROLE_DETAIL_ID, MENU_DETAIL_ID,ROLE_ID, CREATED_BY, CREATED_DATE, SKIP_AUDIT_TRAIL) VALUES ('RD0057', 'M-RS','ADMINISTRATOR','SYSTEM',CURRENT_TIMESTAMP,'f');
INSERT INTO M_ROLE_DETAIL (ROLE_DETAIL_ID, MENU_DETAIL_ID,ROLE_ID, CREATED_BY, CREATED_DATE, SKIP_AUDIT_TRAIL) VALUES ('RD0058', 'T-TRLS','ADMINISTRATOR','SYSTEM',CURRENT_TIMESTAMP,'f');
INSERT INTO M_ROLE_DETAIL (ROLE_DETAIL_ID, MENU_DETAIL_ID,ROLE_ID, CREATED_BY, CREATED_DATE, SKIP_AUDIT_TRAIL) VALUES ('RD0059', 'T-URLS','ADMINISTRATOR','SYSTEM',CURRENT_TIMESTAMP,'f');
INSERT INTO M_ROLE_DETAIL (ROLE_DETAIL_ID, MENU_DETAIL_ID,ROLE_ID, CREATED_BY, CREATED_DATE, SKIP_AUDIT_TRAIL) VALUES ('RD0060', 'T-TUSRRLS','ADMINISTRATOR','SYSTEM',CURRENT_TIMESTAMP,'f');
INSERT INTO M_ROLE_DETAIL (ROLE_DETAIL_ID, MENU_DETAIL_ID,ROLE_ID, CREATED_BY, CREATED_DATE, SKIP_AUDIT_TRAIL) VALUES ('RD0061', 'T-HUSRRLS','ADMINISTRATOR','SYSTEM',CURRENT_TIMESTAMP,'f');
INSERT INTO M_ROLE_DETAIL (ROLE_DETAIL_ID, MENU_DETAIL_ID,ROLE_ID, CREATED_BY, CREATED_DATE, SKIP_AUDIT_TRAIL) VALUES ('RD0062', 'M-DS','ADMINISTRATOR','SYSTEM',CURRENT_TIMESTAMP,'f');
INSERT INTO M_ROLE_DETAIL (ROLE_DETAIL_ID, MENU_DETAIL_ID,ROLE_ID, CREATED_BY, CREATED_DATE, SKIP_AUDIT_TRAIL) VALUES ('RD0063', 'T-DP','ADMINISTRATOR','SYSTEM',CURRENT_TIMESTAMP,'f');
INSERT INTO M_ROLE_DETAIL (ROLE_DETAIL_ID, MENU_DETAIL_ID,ROLE_ID, CREATED_BY, CREATED_DATE, SKIP_AUDIT_TRAIL) VALUES ('RD0064', 'T-UDP','ADMINISTRATOR','SYSTEM',CURRENT_TIMESTAMP,'f');
INSERT INTO M_ROLE_DETAIL (ROLE_DETAIL_ID, MENU_DETAIL_ID,ROLE_ID, CREATED_BY, CREATED_DATE, SKIP_AUDIT_TRAIL) VALUES ('RD0065', 'T-BG','ADMINISTRATOR','SYSTEM',CURRENT_TIMESTAMP,'f');
INSERT INTO M_ROLE_DETAIL (ROLE_DETAIL_ID, MENU_DETAIL_ID,ROLE_ID, CREATED_BY, CREATED_DATE, SKIP_AUDIT_TRAIL) VALUES ('RD0066', 'T-UBG','ADMINISTRATOR','SYSTEM',CURRENT_TIMESTAMP,'f');
INSERT INTO M_ROLE_DETAIL (ROLE_DETAIL_ID, MENU_DETAIL_ID,ROLE_ID, CREATED_BY, CREATED_DATE, SKIP_AUDIT_TRAIL) VALUES ('RD0067', 'M-WF','ADMINISTRATOR','SYSTEM',CURRENT_TIMESTAMP,'f');
INSERT INTO M_ROLE_DETAIL (ROLE_DETAIL_ID, MENU_DETAIL_ID,ROLE_ID, CREATED_BY, CREATED_DATE, SKIP_AUDIT_TRAIL) VALUES ('RD0068', 'T-WK','ADMINISTRATOR','SYSTEM',CURRENT_TIMESTAMP,'f');
INSERT INTO M_ROLE_DETAIL (ROLE_DETAIL_ID, MENU_DETAIL_ID,ROLE_ID, CREATED_BY, CREATED_DATE, SKIP_AUDIT_TRAIL) VALUES ('RD0069', 'T-UWK','ADMINISTRATOR','SYSTEM',CURRENT_TIMESTAMP,'f');
INSERT INTO M_ROLE_DETAIL (ROLE_DETAIL_ID, MENU_DETAIL_ID,ROLE_ID, CREATED_BY, CREATED_DATE, SKIP_AUDIT_TRAIL) VALUES ('RD0070', 'M-KD','ADMINISTRATOR','SYSTEM',CURRENT_TIMESTAMP,'f');
INSERT INTO M_ROLE_DETAIL (ROLE_DETAIL_ID, MENU_DETAIL_ID,ROLE_ID, CREATED_BY, CREATED_DATE, SKIP_AUDIT_TRAIL) VALUES ('RD0071', 'T-DK','ADMINISTRATOR','SYSTEM',CURRENT_TIMESTAMP,'f');
INSERT INTO M_ROLE_DETAIL (ROLE_DETAIL_ID, MENU_DETAIL_ID,ROLE_ID, CREATED_BY, CREATED_DATE, SKIP_AUDIT_TRAIL) VALUES ('RD0072', 'T-UDK','ADMINISTRATOR','SYSTEM',CURRENT_TIMESTAMP,'f');
INSERT INTO M_ROLE_DETAIL (ROLE_DETAIL_ID, MENU_DETAIL_ID,ROLE_ID, CREATED_BY, CREATED_DATE, SKIP_AUDIT_TRAIL) VALUES ('RD0073', 'M-KS','ADMINISTRATOR','SYSTEM',CURRENT_TIMESTAMP,'f');
INSERT INTO M_ROLE_DETAIL (ROLE_DETAIL_ID, MENU_DETAIL_ID,ROLE_ID, CREATED_BY, CREATED_DATE, SKIP_AUDIT_TRAIL) VALUES ('RD0074', 'T-ST','ADMINISTRATOR','SYSTEM',CURRENT_TIMESTAMP,'f');
INSERT INTO M_ROLE_DETAIL (ROLE_DETAIL_ID, MENU_DETAIL_ID,ROLE_ID, CREATED_BY, CREATED_DATE, SKIP_AUDIT_TRAIL) VALUES ('RD0075', 'T-UST','ADMINISTRATOR','SYSTEM',CURRENT_TIMESTAMP,'f');
INSERT INTO M_ROLE_DETAIL (ROLE_DETAIL_ID, MENU_DETAIL_ID,ROLE_ID, CREATED_BY, CREATED_DATE, SKIP_AUDIT_TRAIL) VALUES ('RD0076', 'M-KA','ADMINISTRATOR','SYSTEM',CURRENT_TIMESTAMP,'f');
INSERT INTO M_ROLE_DETAIL (ROLE_DETAIL_ID, MENU_DETAIL_ID,ROLE_ID, CREATED_BY, CREATED_DATE, SKIP_AUDIT_TRAIL) VALUES ('RD0077', 'T-AK','ADMINISTRATOR','SYSTEM',CURRENT_TIMESTAMP,'f');
INSERT INTO M_ROLE_DETAIL (ROLE_DETAIL_ID, MENU_DETAIL_ID,ROLE_ID, CREATED_BY, CREATED_DATE, SKIP_AUDIT_TRAIL) VALUES ('RD0078', 'T-UAK','ADMINISTRATOR','SYSTEM',CURRENT_TIMESTAMP,'f');
INSERT INTO M_ROLE_DETAIL (ROLE_DETAIL_ID, MENU_DETAIL_ID,ROLE_ID, CREATED_BY, CREATED_DATE, SKIP_AUDIT_TRAIL) VALUES ('RD0079', 'M-WFP','ADMINISTRATOR','SYSTEM',CURRENT_TIMESTAMP,'f');
INSERT INTO M_ROLE_DETAIL (ROLE_DETAIL_ID, MENU_DETAIL_ID,ROLE_ID, CREATED_BY, CREATED_DATE, SKIP_AUDIT_TRAIL) VALUES ('RD0080', 'T-WP','ADMINISTRATOR','SYSTEM',CURRENT_TIMESTAMP,'f');
INSERT INTO M_ROLE_DETAIL (ROLE_DETAIL_ID, MENU_DETAIL_ID,ROLE_ID, CREATED_BY, CREATED_DATE, SKIP_AUDIT_TRAIL) VALUES ('RD0081', 'T-DWP','ADMINISTRATOR','SYSTEM',CURRENT_TIMESTAMP,'f');
INSERT INTO M_ROLE_DETAIL (ROLE_DETAIL_ID, MENU_DETAIL_ID,ROLE_ID, CREATED_BY, CREATED_DATE, SKIP_AUDIT_TRAIL) VALUES ('RD0082', 'T-WPA','ADMINISTRATOR','SYSTEM',CURRENT_TIMESTAMP,'f');
INSERT INTO M_ROLE_DETAIL (ROLE_DETAIL_ID, MENU_DETAIL_ID,ROLE_ID, CREATED_BY, CREATED_DATE, SKIP_AUDIT_TRAIL) VALUES ('RD0083', 'M-UUD','ADMINISTRATOR','SYSTEM',CURRENT_TIMESTAMP,'f');
INSERT INTO M_ROLE_DETAIL (ROLE_DETAIL_ID, MENU_DETAIL_ID,ROLE_ID, CREATED_BY, CREATED_DATE, SKIP_AUDIT_TRAIL) VALUES ('RD0084', 'T-UG','ADMINISTRATOR','SYSTEM',CURRENT_TIMESTAMP,'f');
INSERT INTO M_ROLE_DETAIL (ROLE_DETAIL_ID, MENU_DETAIL_ID,ROLE_ID, CREATED_BY, CREATED_DATE, SKIP_AUDIT_TRAIL) VALUES ('RD0085', 'T-UUG','ADMINISTRATOR','SYSTEM',CURRENT_TIMESTAMP,'f');
INSERT INTO M_ROLE_DETAIL (ROLE_DETAIL_ID, MENU_DETAIL_ID,ROLE_ID, CREATED_BY, CREATED_DATE, SKIP_AUDIT_TRAIL) VALUES ('RD0086', 'M-NEG','ADMINISTRATOR','SYSTEM',CURRENT_TIMESTAMP,'f');
INSERT INTO M_ROLE_DETAIL (ROLE_DETAIL_ID, MENU_DETAIL_ID,ROLE_ID, CREATED_BY, CREATED_DATE, SKIP_AUDIT_TRAIL) VALUES ('RD0087', 'T-NG','ADMINISTRATOR','SYSTEM',CURRENT_TIMESTAMP,'f');
INSERT INTO M_ROLE_DETAIL (ROLE_DETAIL_ID, MENU_DETAIL_ID,ROLE_ID, CREATED_BY, CREATED_DATE, SKIP_AUDIT_TRAIL) VALUES ('RD0088', 'T-UNG','ADMINISTRATOR','SYSTEM',CURRENT_TIMESTAMP,'f');
INSERT INTO M_ROLE_DETAIL (ROLE_DETAIL_ID, MENU_DETAIL_ID,ROLE_ID, CREATED_BY, CREATED_DATE, SKIP_AUDIT_TRAIL) VALUES ('RD0089', 'M-PROV','ADMINISTRATOR','SYSTEM',CURRENT_TIMESTAMP,'f');
INSERT INTO M_ROLE_DETAIL (ROLE_DETAIL_ID, MENU_DETAIL_ID,ROLE_ID, CREATED_BY, CREATED_DATE, SKIP_AUDIT_TRAIL) VALUES ('RD0090', 'T-PR','ADMINISTRATOR','SYSTEM',CURRENT_TIMESTAMP,'f');
INSERT INTO M_ROLE_DETAIL (ROLE_DETAIL_ID, MENU_DETAIL_ID,ROLE_ID, CREATED_BY, CREATED_DATE, SKIP_AUDIT_TRAIL) VALUES ('RD0091', 'T-UPR','ADMINISTRATOR','SYSTEM',CURRENT_TIMESTAMP,'f');
INSERT INTO M_ROLE_DETAIL (ROLE_DETAIL_ID, MENU_DETAIL_ID,ROLE_ID, CREATED_BY, CREATED_DATE, SKIP_AUDIT_TRAIL) VALUES ('RD0092', 'T-KT','ADMINISTRATOR','SYSTEM',CURRENT_TIMESTAMP,'f');
INSERT INTO M_ROLE_DETAIL (ROLE_DETAIL_ID, MENU_DETAIL_ID,ROLE_ID, CREATED_BY, CREATED_DATE, SKIP_AUDIT_TRAIL) VALUES ('RD0093', 'T-UKT','ADMINISTRATOR','SYSTEM',CURRENT_TIMESTAMP,'f');
INSERT INTO M_ROLE_DETAIL (ROLE_DETAIL_ID, MENU_DETAIL_ID,ROLE_ID, CREATED_BY, CREATED_DATE, SKIP_AUDIT_TRAIL) VALUES ('RD0094', 'M-DT','ADMINISTRATOR','SYSTEM',CURRENT_TIMESTAMP,'f');
INSERT INTO M_ROLE_DETAIL (ROLE_DETAIL_ID, MENU_DETAIL_ID,ROLE_ID, CREATED_BY, CREATED_DATE, SKIP_AUDIT_TRAIL) VALUES ('RD0095', 'T-JD','ADMINISTRATOR','SYSTEM',CURRENT_TIMESTAMP,'f');
INSERT INTO M_ROLE_DETAIL (ROLE_DETAIL_ID, MENU_DETAIL_ID,ROLE_ID, CREATED_BY, CREATED_DATE, SKIP_AUDIT_TRAIL) VALUES ('RD0096', 'T-UJD','ADMINISTRATOR','SYSTEM',CURRENT_TIMESTAMP,'f');
INSERT INTO M_ROLE_DETAIL (ROLE_DETAIL_ID, MENU_DETAIL_ID,ROLE_ID, CREATED_BY, CREATED_DATE, SKIP_AUDIT_TRAIL) VALUES ('RD0097', 'T-DJD','ADMINISTRATOR','SYSTEM',CURRENT_TIMESTAMP,'f');
INSERT INTO M_ROLE_DETAIL (ROLE_DETAIL_ID, MENU_DETAIL_ID,ROLE_ID, CREATED_BY, CREATED_DATE, SKIP_AUDIT_TRAIL) VALUES ('RD0098', 'M-AP','ADMINISTRATOR','SYSTEM',CURRENT_TIMESTAMP,'f');
INSERT INTO M_ROLE_DETAIL (ROLE_DETAIL_ID, MENU_DETAIL_ID,ROLE_ID, CREATED_BY, CREATED_DATE, SKIP_AUDIT_TRAIL) VALUES ('RD0099', 'T-AP','ADMINISTRATOR','SYSTEM',CURRENT_TIMESTAMP,'f');
INSERT INTO M_ROLE_DETAIL (ROLE_DETAIL_ID, MENU_DETAIL_ID,ROLE_ID, CREATED_BY, CREATED_DATE, SKIP_AUDIT_TRAIL) VALUES ('RD0100', 'T-UAP','ADMINISTRATOR','SYSTEM',CURRENT_TIMESTAMP,'f');
INSERT INTO M_ROLE_DETAIL (ROLE_DETAIL_ID, MENU_DETAIL_ID,ROLE_ID, CREATED_BY, CREATED_DATE, SKIP_AUDIT_TRAIL) VALUES ('RD0101', 'M-TP','ADMINISTRATOR','SYSTEM',CURRENT_TIMESTAMP,'f');
INSERT INTO M_ROLE_DETAIL (ROLE_DETAIL_ID, MENU_DETAIL_ID,ROLE_ID, CREATED_BY, CREATED_DATE, SKIP_AUDIT_TRAIL) VALUES ('RD0102', 'T-TP','ADMINISTRATOR','SYSTEM',CURRENT_TIMESTAMP,'f');
INSERT INTO M_ROLE_DETAIL (ROLE_DETAIL_ID, MENU_DETAIL_ID,ROLE_ID, CREATED_BY, CREATED_DATE, SKIP_AUDIT_TRAIL) VALUES ('RD0103', 'T-UTP','ADMINISTRATOR','SYSTEM',CURRENT_TIMESTAMP,'f');
INSERT INTO M_ROLE_DETAIL (ROLE_DETAIL_ID, MENU_DETAIL_ID,ROLE_ID, CREATED_BY, CREATED_DATE, SKIP_AUDIT_TRAIL) VALUES ('RD0104', 'M-US','ADMINISTRATOR','SYSTEM',CURRENT_TIMESTAMP,'f');
INSERT INTO M_ROLE_DETAIL (ROLE_DETAIL_ID, MENU_DETAIL_ID,ROLE_ID, CREATED_BY, CREATED_DATE, SKIP_AUDIT_TRAIL) VALUES ('RD0105', 'T-TUR','ADMINISTRATOR','SYSTEM',CURRENT_TIMESTAMP,'f');
INSERT INTO M_ROLE_DETAIL (ROLE_DETAIL_ID, MENU_DETAIL_ID,ROLE_ID, CREATED_BY, CREATED_DATE, SKIP_AUDIT_TRAIL) VALUES ('RD0106', 'T-UUR','ADMINISTRATOR','SYSTEM',CURRENT_TIMESTAMP,'f');
INSERT INTO M_ROLE_DETAIL (ROLE_DETAIL_ID, MENU_DETAIL_ID,ROLE_ID, CREATED_BY, CREATED_DATE, SKIP_AUDIT_TRAIL) VALUES ('RD0107', 'T-USRL','ADMINISTRATOR','SYSTEM',CURRENT_TIMESTAMP,'f');
INSERT INTO M_ROLE_DETAIL (ROLE_DETAIL_ID, MENU_DETAIL_ID,ROLE_ID, CREATED_BY, CREATED_DATE, SKIP_AUDIT_TRAIL) VALUES ('RD0108', 'M-RL','ADMINISTRATOR','SYSTEM',CURRENT_TIMESTAMP,'f');
INSERT INTO M_ROLE_DETAIL (ROLE_DETAIL_ID, MENU_DETAIL_ID,ROLE_ID, CREATED_BY, CREATED_DATE, SKIP_AUDIT_TRAIL) VALUES ('RD0109', 'T-TRL','ADMINISTRATOR','SYSTEM',CURRENT_TIMESTAMP,'f');
INSERT INTO M_ROLE_DETAIL (ROLE_DETAIL_ID, MENU_DETAIL_ID,ROLE_ID, CREATED_BY, CREATED_DATE, SKIP_AUDIT_TRAIL) VALUES ('RD0110', 'T-URL','ADMINISTRATOR','SYSTEM',CURRENT_TIMESTAMP,'f');
INSERT INTO M_ROLE_DETAIL (ROLE_DETAIL_ID, MENU_DETAIL_ID,ROLE_ID, CREATED_BY, CREATED_DATE, SKIP_AUDIT_TRAIL) VALUES ('RD0111', 'T-MRL','ADMINISTRATOR','SYSTEM',CURRENT_TIMESTAMP,'f');
INSERT INTO M_ROLE_DETAIL (ROLE_DETAIL_ID, MENU_DETAIL_ID,ROLE_ID, CREATED_BY, CREATED_DATE, SKIP_AUDIT_TRAIL) VALUES ('RD0112', 'M-DO','ADMINISTRATOR','SYSTEM',CURRENT_TIMESTAMP,'f');
INSERT INTO M_ROLE_DETAIL (ROLE_DETAIL_ID, MENU_DETAIL_ID,ROLE_ID, CREATED_BY, CREATED_DATE, SKIP_AUDIT_TRAIL) VALUES ('RD0113', 'T-REGA','ADMINISTRATOR','SYSTEM',CURRENT_TIMESTAMP,'f');
INSERT INTO M_ROLE_DETAIL (ROLE_DETAIL_ID, MENU_DETAIL_ID,ROLE_ID, CREATED_BY, CREATED_DATE, SKIP_AUDIT_TRAIL) VALUES ('RD0114', 'DB','ADMIN-PETUGAS','SYSTEM',CURRENT_TIMESTAMP,'f');
INSERT INTO M_ROLE_DETAIL (ROLE_DETAIL_ID, MENU_DETAIL_ID,ROLE_ID, CREATED_BY, CREATED_DATE, SKIP_AUDIT_TRAIL) VALUES ('RD0115', 'P-L','ADMIN-PETUGAS','SYSTEM',CURRENT_TIMESTAMP,'f');
INSERT INTO M_ROLE_DETAIL (ROLE_DETAIL_ID, MENU_DETAIL_ID,ROLE_ID, CREATED_BY, CREATED_DATE, SKIP_AUDIT_TRAIL) VALUES ('RD0116', 'P-UT','ADMIN-PETUGAS','SYSTEM',CURRENT_TIMESTAMP,'f');
INSERT INTO M_ROLE_DETAIL (ROLE_DETAIL_ID, MENU_DETAIL_ID,ROLE_ID, CREATED_BY, CREATED_DATE, SKIP_AUDIT_TRAIL) VALUES ('RD0117', 'T-PUG','ADMIN-PETUGAS','SYSTEM',CURRENT_TIMESTAMP,'f');
INSERT INTO M_ROLE_DETAIL (ROLE_DETAIL_ID, MENU_DETAIL_ID,ROLE_ID, CREATED_BY, CREATED_DATE, SKIP_AUDIT_TRAIL) VALUES ('RD0118', 'T-PTP','ADMIN-PETUGAS','SYSTEM',CURRENT_TIMESTAMP,'f');
INSERT INTO M_ROLE_DETAIL (ROLE_DETAIL_ID, MENU_DETAIL_ID,ROLE_ID, CREATED_BY, CREATED_DATE, SKIP_AUDIT_TRAIL) VALUES ('RD0119', 'T-PTK','ADMIN-PETUGAS','SYSTEM',CURRENT_TIMESTAMP,'f');
INSERT INTO M_ROLE_DETAIL (ROLE_DETAIL_ID, MENU_DETAIL_ID,ROLE_ID, CREATED_BY, CREATED_DATE, SKIP_AUDIT_TRAIL) VALUES ('RD0120', 'T-PUPR','ADMIN-PETUGAS','SYSTEM',CURRENT_TIMESTAMP,'f');
INSERT INTO M_ROLE_DETAIL (ROLE_DETAIL_ID, MENU_DETAIL_ID,ROLE_ID, CREATED_BY, CREATED_DATE, SKIP_AUDIT_TRAIL) VALUES ('RD0121', 'T-PTPPR','ADMIN-PETUGAS','SYSTEM',CURRENT_TIMESTAMP,'f');
INSERT INTO M_ROLE_DETAIL (ROLE_DETAIL_ID, MENU_DETAIL_ID,ROLE_ID, CREATED_BY, CREATED_DATE, SKIP_AUDIT_TRAIL) VALUES ('RD0122', 'T-PUPPR','ADMIN-PETUGAS','SYSTEM',CURRENT_TIMESTAMP,'f');
INSERT INTO M_ROLE_DETAIL (ROLE_DETAIL_ID, MENU_DETAIL_ID,ROLE_ID, CREATED_BY, CREATED_DATE, SKIP_AUDIT_TRAIL) VALUES ('RD0123', 'T-PUKS','ADMIN-PETUGAS','SYSTEM',CURRENT_TIMESTAMP,'f');
INSERT INTO M_ROLE_DETAIL (ROLE_DETAIL_ID, MENU_DETAIL_ID,ROLE_ID, CREATED_BY, CREATED_DATE, SKIP_AUDIT_TRAIL) VALUES ('RD0124', 'T-PTKLS','ADMIN-PETUGAS','SYSTEM',CURRENT_TIMESTAMP,'f');
INSERT INTO M_ROLE_DETAIL (ROLE_DETAIL_ID, MENU_DETAIL_ID,ROLE_ID, CREATED_BY, CREATED_DATE, SKIP_AUDIT_TRAIL) VALUES ('RD0125', 'T-PUD','ADMIN-PETUGAS','SYSTEM',CURRENT_TIMESTAMP,'f');
INSERT INTO M_ROLE_DETAIL (ROLE_DETAIL_ID, MENU_DETAIL_ID,ROLE_ID, CREATED_BY, CREATED_DATE, SKIP_AUDIT_TRAIL) VALUES ('RD0126', 'T-PGST','ADMIN-PETUGAS','SYSTEM',CURRENT_TIMESTAMP,'f');
INSERT INTO M_ROLE_DETAIL (ROLE_DETAIL_ID, MENU_DETAIL_ID,ROLE_ID, CREATED_BY, CREATED_DATE, SKIP_AUDIT_TRAIL) VALUES ('RD0127', 'T-PUST','ADMIN-PETUGAS','SYSTEM',CURRENT_TIMESTAMP,'f');
INSERT INTO M_ROLE_DETAIL (ROLE_DETAIL_ID, MENU_DETAIL_ID,ROLE_ID, CREATED_BY, CREATED_DATE, SKIP_AUDIT_TRAIL) VALUES ('RD0128', 'T-PCST','ADMIN-PETUGAS','SYSTEM',CURRENT_TIMESTAMP,'f');
INSERT INTO M_ROLE_DETAIL (ROLE_DETAIL_ID, MENU_DETAIL_ID,ROLE_ID, CREATED_BY, CREATED_DATE, SKIP_AUDIT_TRAIL) VALUES ('RD0129', 'T-PTLS','ADMIN-PETUGAS','SYSTEM',CURRENT_TIMESTAMP,'f');
INSERT INTO M_ROLE_DETAIL (ROLE_DETAIL_ID, MENU_DETAIL_ID,ROLE_ID, CREATED_BY, CREATED_DATE, SKIP_AUDIT_TRAIL) VALUES ('RD0130', 'PASCA-OFF','ADMIN-PETUGAS','SYSTEM',CURRENT_TIMESTAMP,'f');
INSERT INTO M_ROLE_DETAIL (ROLE_DETAIL_ID, MENU_DETAIL_ID,ROLE_ID, CREATED_BY, CREATED_DATE, SKIP_AUDIT_TRAIL) VALUES ('RD0131', 'M-UPL','ADMIN-PETUGAS','SYSTEM',CURRENT_TIMESTAMP,'f');
INSERT INTO M_ROLE_DETAIL (ROLE_DETAIL_ID, MENU_DETAIL_ID,ROLE_ID, CREATED_BY, CREATED_DATE, SKIP_AUDIT_TRAIL) VALUES ('RD0132', 'P-G','ADMIN-PETUGAS','SYSTEM',CURRENT_TIMESTAMP,'f');
INSERT INTO M_ROLE_DETAIL (ROLE_DETAIL_ID, MENU_DETAIL_ID,ROLE_ID, CREATED_BY, CREATED_DATE, SKIP_AUDIT_TRAIL) VALUES ('RD0133', 'T-GP','ADMIN-PETUGAS','SYSTEM',CURRENT_TIMESTAMP,'f');
INSERT INTO M_ROLE_DETAIL (ROLE_DETAIL_ID, MENU_DETAIL_ID,ROLE_ID, CREATED_BY, CREATED_DATE, SKIP_AUDIT_TRAIL) VALUES ('RD0134', 'PU-L','ADMIN-PETUGAS','SYSTEM',CURRENT_TIMESTAMP,'f');
INSERT INTO M_ROLE_DETAIL (ROLE_DETAIL_ID, MENU_DETAIL_ID,ROLE_ID, CREATED_BY, CREATED_DATE, SKIP_AUDIT_TRAIL) VALUES ('RD0135', 'T-PB','ADMIN-PETUGAS','SYSTEM',CURRENT_TIMESTAMP,'f');
INSERT INTO M_ROLE_DETAIL (ROLE_DETAIL_ID, MENU_DETAIL_ID,ROLE_ID, CREATED_BY, CREATED_DATE, SKIP_AUDIT_TRAIL) VALUES ('RD0136', 'T-PBH','ADMIN-PETUGAS','SYSTEM',CURRENT_TIMESTAMP,'f');
INSERT INTO M_ROLE_DETAIL (ROLE_DETAIL_ID, MENU_DETAIL_ID,ROLE_ID, CREATED_BY, CREATED_DATE, SKIP_AUDIT_TRAIL) VALUES ('RD0137', 'PT-L','ADMIN-PETUGAS','SYSTEM',CURRENT_TIMESTAMP,'f');
INSERT INTO M_ROLE_DETAIL (ROLE_DETAIL_ID, MENU_DETAIL_ID,ROLE_ID, CREATED_BY, CREATED_DATE, SKIP_AUDIT_TRAIL) VALUES ('RD0138', 'T-PT','ADMIN-PETUGAS','SYSTEM',CURRENT_TIMESTAMP,'f');
INSERT INTO M_ROLE_DETAIL (ROLE_DETAIL_ID, MENU_DETAIL_ID,ROLE_ID, CREATED_BY, CREATED_DATE, SKIP_AUDIT_TRAIL) VALUES ('RD0139', 'PS-L','ADMIN-PETUGAS','SYSTEM',CURRENT_TIMESTAMP,'f');
INSERT INTO M_ROLE_DETAIL (ROLE_DETAIL_ID, MENU_DETAIL_ID,ROLE_ID, CREATED_BY, CREATED_DATE, SKIP_AUDIT_TRAIL) VALUES ('RD0140', 'C-I','ADMIN-PETUGAS','SYSTEM',CURRENT_TIMESTAMP,'f');
INSERT INTO M_ROLE_DETAIL (ROLE_DETAIL_ID, MENU_DETAIL_ID,ROLE_ID, CREATED_BY, CREATED_DATE, SKIP_AUDIT_TRAIL) VALUES ('RD0141', 'MD','ADMIN-PETUGAS','SYSTEM',CURRENT_TIMESTAMP,'f');
INSERT INTO M_ROLE_DETAIL (ROLE_DETAIL_ID, MENU_DETAIL_ID,ROLE_ID, CREATED_BY, CREATED_DATE, SKIP_AUDIT_TRAIL) VALUES ('RD0142', 'LOG','ADMIN-PETUGAS','SYSTEM',CURRENT_TIMESTAMP,'f');
INSERT INTO M_ROLE_DETAIL (ROLE_DETAIL_ID, MENU_DETAIL_ID,ROLE_ID, CREATED_BY, CREATED_DATE, SKIP_AUDIT_TRAIL) VALUES ('RD0143', 'I-CLS','ADMIN-PETUGAS','SYSTEM',CURRENT_TIMESTAMP,'f');
INSERT INTO M_ROLE_DETAIL (ROLE_DETAIL_ID, MENU_DETAIL_ID,ROLE_ID, CREATED_BY, CREATED_DATE, SKIP_AUDIT_TRAIL) VALUES ('RD0144', 'M-KLS','ADMIN-PETUGAS','SYSTEM',CURRENT_TIMESTAMP,'f');
INSERT INTO M_ROLE_DETAIL (ROLE_DETAIL_ID, MENU_DETAIL_ID,ROLE_ID, CREATED_BY, CREATED_DATE, SKIP_AUDIT_TRAIL) VALUES ('RD0145', 'T-TDKLS','ADMIN-PETUGAS','SYSTEM',CURRENT_TIMESTAMP,'f');
INSERT INTO M_ROLE_DETAIL (ROLE_DETAIL_ID, MENU_DETAIL_ID,ROLE_ID, CREATED_BY, CREATED_DATE, SKIP_AUDIT_TRAIL) VALUES ('RD0146', 'T-UDKLS','ADMIN-PETUGAS','SYSTEM',CURRENT_TIMESTAMP,'f');
INSERT INTO M_ROLE_DETAIL (ROLE_DETAIL_ID, MENU_DETAIL_ID,ROLE_ID, CREATED_BY, CREATED_DATE, SKIP_AUDIT_TRAIL) VALUES ('RD0147', 'T-TKLSD','ADMIN-PETUGAS','SYSTEM',CURRENT_TIMESTAMP,'f');
INSERT INTO M_ROLE_DETAIL (ROLE_DETAIL_ID, MENU_DETAIL_ID,ROLE_ID, CREATED_BY, CREATED_DATE, SKIP_AUDIT_TRAIL) VALUES ('RD0148', 'T-UKLSD','ADMIN-PETUGAS','SYSTEM',CURRENT_TIMESTAMP,'f');
INSERT INTO M_ROLE_DETAIL (ROLE_DETAIL_ID, MENU_DETAIL_ID,ROLE_ID, CREATED_BY, CREATED_DATE, SKIP_AUDIT_TRAIL) VALUES ('RD0149', 'T-UPKLSD','ADMIN-PETUGAS','SYSTEM',CURRENT_TIMESTAMP,'f');
INSERT INTO M_ROLE_DETAIL (ROLE_DETAIL_ID, MENU_DETAIL_ID,ROLE_ID, CREATED_BY, CREATED_DATE, SKIP_AUDIT_TRAIL) VALUES ('RD0150', 'M-KON','ADMIN-PETUGAS','SYSTEM',CURRENT_TIMESTAMP,'f');
INSERT INTO M_ROLE_DETAIL (ROLE_DETAIL_ID, MENU_DETAIL_ID,ROLE_ID, CREATED_BY, CREATED_DATE, SKIP_AUDIT_TRAIL) VALUES ('RD0151', 'T-TKUA','ADMIN-PETUGAS','SYSTEM',CURRENT_TIMESTAMP,'f');
INSERT INTO M_ROLE_DETAIL (ROLE_DETAIL_ID, MENU_DETAIL_ID,ROLE_ID, CREATED_BY, CREATED_DATE, SKIP_AUDIT_TRAIL) VALUES ('RD0152', 'T-UKUA','ADMIN-PETUGAS','SYSTEM',CURRENT_TIMESTAMP,'f');
INSERT INTO M_ROLE_DETAIL (ROLE_DETAIL_ID, MENU_DETAIL_ID,ROLE_ID, CREATED_BY, CREATED_DATE, SKIP_AUDIT_TRAIL) VALUES ('RD0153', 'M-RS','ADMIN-PETUGAS','SYSTEM',CURRENT_TIMESTAMP,'f');
INSERT INTO M_ROLE_DETAIL (ROLE_DETAIL_ID, MENU_DETAIL_ID,ROLE_ID, CREATED_BY, CREATED_DATE, SKIP_AUDIT_TRAIL) VALUES ('RD0154', 'T-TRLS','ADMIN-PETUGAS','SYSTEM',CURRENT_TIMESTAMP,'f');
INSERT INTO M_ROLE_DETAIL (ROLE_DETAIL_ID, MENU_DETAIL_ID,ROLE_ID, CREATED_BY, CREATED_DATE, SKIP_AUDIT_TRAIL) VALUES ('RD0155', 'T-URLS','ADMIN-PETUGAS','SYSTEM',CURRENT_TIMESTAMP,'f');
INSERT INTO M_ROLE_DETAIL (ROLE_DETAIL_ID, MENU_DETAIL_ID,ROLE_ID, CREATED_BY, CREATED_DATE, SKIP_AUDIT_TRAIL) VALUES ('RD0156', 'T-TUSRRLS','ADMIN-PETUGAS','SYSTEM',CURRENT_TIMESTAMP,'f');
INSERT INTO M_ROLE_DETAIL (ROLE_DETAIL_ID, MENU_DETAIL_ID,ROLE_ID, CREATED_BY, CREATED_DATE, SKIP_AUDIT_TRAIL) VALUES ('RD0157', 'T-HUSRRLS','ADMIN-PETUGAS','SYSTEM',CURRENT_TIMESTAMP,'f');
INSERT INTO M_ROLE_DETAIL (ROLE_DETAIL_ID, MENU_DETAIL_ID,ROLE_ID, CREATED_BY, CREATED_DATE, SKIP_AUDIT_TRAIL) VALUES ('RD0158', 'M-DS','ADMIN-PETUGAS','SYSTEM',CURRENT_TIMESTAMP,'f');
INSERT INTO M_ROLE_DETAIL (ROLE_DETAIL_ID, MENU_DETAIL_ID,ROLE_ID, CREATED_BY, CREATED_DATE, SKIP_AUDIT_TRAIL) VALUES ('RD0159', 'T-DP','ADMIN-PETUGAS','SYSTEM',CURRENT_TIMESTAMP,'f');
INSERT INTO M_ROLE_DETAIL (ROLE_DETAIL_ID, MENU_DETAIL_ID,ROLE_ID, CREATED_BY, CREATED_DATE, SKIP_AUDIT_TRAIL) VALUES ('RD0160', 'T-UDP','ADMIN-PETUGAS','SYSTEM',CURRENT_TIMESTAMP,'f');
INSERT INTO M_ROLE_DETAIL (ROLE_DETAIL_ID, MENU_DETAIL_ID,ROLE_ID, CREATED_BY, CREATED_DATE, SKIP_AUDIT_TRAIL) VALUES ('RD0161', 'T-BG','ADMIN-PETUGAS','SYSTEM',CURRENT_TIMESTAMP,'f');
INSERT INTO M_ROLE_DETAIL (ROLE_DETAIL_ID, MENU_DETAIL_ID,ROLE_ID, CREATED_BY, CREATED_DATE, SKIP_AUDIT_TRAIL) VALUES ('RD0162', 'T-UBG','ADMIN-PETUGAS','SYSTEM',CURRENT_TIMESTAMP,'f');
INSERT INTO M_ROLE_DETAIL (ROLE_DETAIL_ID, MENU_DETAIL_ID,ROLE_ID, CREATED_BY, CREATED_DATE, SKIP_AUDIT_TRAIL) VALUES ('RD0163', 'M-WF','ADMIN-PETUGAS','SYSTEM',CURRENT_TIMESTAMP,'f');
INSERT INTO M_ROLE_DETAIL (ROLE_DETAIL_ID, MENU_DETAIL_ID,ROLE_ID, CREATED_BY, CREATED_DATE, SKIP_AUDIT_TRAIL) VALUES ('RD0164', 'T-WK','ADMIN-PETUGAS','SYSTEM',CURRENT_TIMESTAMP,'f');
INSERT INTO M_ROLE_DETAIL (ROLE_DETAIL_ID, MENU_DETAIL_ID,ROLE_ID, CREATED_BY, CREATED_DATE, SKIP_AUDIT_TRAIL) VALUES ('RD0165', 'T-UWK','ADMIN-PETUGAS','SYSTEM',CURRENT_TIMESTAMP,'f');
INSERT INTO M_ROLE_DETAIL (ROLE_DETAIL_ID, MENU_DETAIL_ID,ROLE_ID, CREATED_BY, CREATED_DATE, SKIP_AUDIT_TRAIL) VALUES ('RD0166', 'M-KD','ADMIN-PETUGAS','SYSTEM',CURRENT_TIMESTAMP,'f');
INSERT INTO M_ROLE_DETAIL (ROLE_DETAIL_ID, MENU_DETAIL_ID,ROLE_ID, CREATED_BY, CREATED_DATE, SKIP_AUDIT_TRAIL) VALUES ('RD0167', 'T-DK','ADMIN-PETUGAS','SYSTEM',CURRENT_TIMESTAMP,'f');
INSERT INTO M_ROLE_DETAIL (ROLE_DETAIL_ID, MENU_DETAIL_ID,ROLE_ID, CREATED_BY, CREATED_DATE, SKIP_AUDIT_TRAIL) VALUES ('RD0168', 'T-UDK','ADMIN-PETUGAS','SYSTEM',CURRENT_TIMESTAMP,'f');
INSERT INTO M_ROLE_DETAIL (ROLE_DETAIL_ID, MENU_DETAIL_ID,ROLE_ID, CREATED_BY, CREATED_DATE, SKIP_AUDIT_TRAIL) VALUES ('RD0169', 'M-KS','ADMIN-PETUGAS','SYSTEM',CURRENT_TIMESTAMP,'f');
INSERT INTO M_ROLE_DETAIL (ROLE_DETAIL_ID, MENU_DETAIL_ID,ROLE_ID, CREATED_BY, CREATED_DATE, SKIP_AUDIT_TRAIL) VALUES ('RD0170', 'T-ST','ADMIN-PETUGAS','SYSTEM',CURRENT_TIMESTAMP,'f');
INSERT INTO M_ROLE_DETAIL (ROLE_DETAIL_ID, MENU_DETAIL_ID,ROLE_ID, CREATED_BY, CREATED_DATE, SKIP_AUDIT_TRAIL) VALUES ('RD0171', 'T-UST','ADMIN-PETUGAS','SYSTEM',CURRENT_TIMESTAMP,'f');
INSERT INTO M_ROLE_DETAIL (ROLE_DETAIL_ID, MENU_DETAIL_ID,ROLE_ID, CREATED_BY, CREATED_DATE, SKIP_AUDIT_TRAIL) VALUES ('RD0172', 'M-KA','ADMIN-PETUGAS','SYSTEM',CURRENT_TIMESTAMP,'f');
INSERT INTO M_ROLE_DETAIL (ROLE_DETAIL_ID, MENU_DETAIL_ID,ROLE_ID, CREATED_BY, CREATED_DATE, SKIP_AUDIT_TRAIL) VALUES ('RD0173', 'T-AK','ADMIN-PETUGAS','SYSTEM',CURRENT_TIMESTAMP,'f');
INSERT INTO M_ROLE_DETAIL (ROLE_DETAIL_ID, MENU_DETAIL_ID,ROLE_ID, CREATED_BY, CREATED_DATE, SKIP_AUDIT_TRAIL) VALUES ('RD0174', 'T-UAK','ADMIN-PETUGAS','SYSTEM',CURRENT_TIMESTAMP,'f');
INSERT INTO M_ROLE_DETAIL (ROLE_DETAIL_ID, MENU_DETAIL_ID,ROLE_ID, CREATED_BY, CREATED_DATE, SKIP_AUDIT_TRAIL) VALUES ('RD0175', 'M-WFP','ADMIN-PETUGAS','SYSTEM',CURRENT_TIMESTAMP,'f');
INSERT INTO M_ROLE_DETAIL (ROLE_DETAIL_ID, MENU_DETAIL_ID,ROLE_ID, CREATED_BY, CREATED_DATE, SKIP_AUDIT_TRAIL) VALUES ('RD0176', 'T-WP','ADMIN-PETUGAS','SYSTEM',CURRENT_TIMESTAMP,'f');
INSERT INTO M_ROLE_DETAIL (ROLE_DETAIL_ID, MENU_DETAIL_ID,ROLE_ID, CREATED_BY, CREATED_DATE, SKIP_AUDIT_TRAIL) VALUES ('RD0177', 'T-DWP','ADMIN-PETUGAS','SYSTEM',CURRENT_TIMESTAMP,'f');
INSERT INTO M_ROLE_DETAIL (ROLE_DETAIL_ID, MENU_DETAIL_ID,ROLE_ID, CREATED_BY, CREATED_DATE, SKIP_AUDIT_TRAIL) VALUES ('RD0178', 'T-WPA','ADMIN-PETUGAS','SYSTEM',CURRENT_TIMESTAMP,'f');
INSERT INTO M_ROLE_DETAIL (ROLE_DETAIL_ID, MENU_DETAIL_ID,ROLE_ID, CREATED_BY, CREATED_DATE, SKIP_AUDIT_TRAIL) VALUES ('RD0179', 'M-UUD','ADMIN-PETUGAS','SYSTEM',CURRENT_TIMESTAMP,'f');
INSERT INTO M_ROLE_DETAIL (ROLE_DETAIL_ID, MENU_DETAIL_ID,ROLE_ID, CREATED_BY, CREATED_DATE, SKIP_AUDIT_TRAIL) VALUES ('RD0180', 'T-UG','ADMIN-PETUGAS','SYSTEM',CURRENT_TIMESTAMP,'f');
INSERT INTO M_ROLE_DETAIL (ROLE_DETAIL_ID, MENU_DETAIL_ID,ROLE_ID, CREATED_BY, CREATED_DATE, SKIP_AUDIT_TRAIL) VALUES ('RD0181', 'T-UUG','ADMIN-PETUGAS','SYSTEM',CURRENT_TIMESTAMP,'f');
INSERT INTO M_ROLE_DETAIL (ROLE_DETAIL_ID, MENU_DETAIL_ID,ROLE_ID, CREATED_BY, CREATED_DATE, SKIP_AUDIT_TRAIL) VALUES ('RD0182', 'M-NEG','ADMIN-PETUGAS','SYSTEM',CURRENT_TIMESTAMP,'f');
INSERT INTO M_ROLE_DETAIL (ROLE_DETAIL_ID, MENU_DETAIL_ID,ROLE_ID, CREATED_BY, CREATED_DATE, SKIP_AUDIT_TRAIL) VALUES ('RD0183', 'T-NG','ADMIN-PETUGAS','SYSTEM',CURRENT_TIMESTAMP,'f');
INSERT INTO M_ROLE_DETAIL (ROLE_DETAIL_ID, MENU_DETAIL_ID,ROLE_ID, CREATED_BY, CREATED_DATE, SKIP_AUDIT_TRAIL) VALUES ('RD0184', 'T-UNG','ADMIN-PETUGAS','SYSTEM',CURRENT_TIMESTAMP,'f');
INSERT INTO M_ROLE_DETAIL (ROLE_DETAIL_ID, MENU_DETAIL_ID,ROLE_ID, CREATED_BY, CREATED_DATE, SKIP_AUDIT_TRAIL) VALUES ('RD0185', 'M-PROV','ADMIN-PETUGAS','SYSTEM',CURRENT_TIMESTAMP,'f');
INSERT INTO M_ROLE_DETAIL (ROLE_DETAIL_ID, MENU_DETAIL_ID,ROLE_ID, CREATED_BY, CREATED_DATE, SKIP_AUDIT_TRAIL) VALUES ('RD0186', 'T-PR','ADMIN-PETUGAS','SYSTEM',CURRENT_TIMESTAMP,'f');
INSERT INTO M_ROLE_DETAIL (ROLE_DETAIL_ID, MENU_DETAIL_ID,ROLE_ID, CREATED_BY, CREATED_DATE, SKIP_AUDIT_TRAIL) VALUES ('RD0187', 'T-UPR','ADMIN-PETUGAS','SYSTEM',CURRENT_TIMESTAMP,'f');
INSERT INTO M_ROLE_DETAIL (ROLE_DETAIL_ID, MENU_DETAIL_ID,ROLE_ID, CREATED_BY, CREATED_DATE, SKIP_AUDIT_TRAIL) VALUES ('RD0188', 'T-KT','ADMIN-PETUGAS','SYSTEM',CURRENT_TIMESTAMP,'f');
INSERT INTO M_ROLE_DETAIL (ROLE_DETAIL_ID, MENU_DETAIL_ID,ROLE_ID, CREATED_BY, CREATED_DATE, SKIP_AUDIT_TRAIL) VALUES ('RD0189', 'T-UKT','ADMIN-PETUGAS','SYSTEM',CURRENT_TIMESTAMP,'f');
INSERT INTO M_ROLE_DETAIL (ROLE_DETAIL_ID, MENU_DETAIL_ID,ROLE_ID, CREATED_BY, CREATED_DATE, SKIP_AUDIT_TRAIL) VALUES ('RD0190', 'M-DT','ADMIN-PETUGAS','SYSTEM',CURRENT_TIMESTAMP,'f');
INSERT INTO M_ROLE_DETAIL (ROLE_DETAIL_ID, MENU_DETAIL_ID,ROLE_ID, CREATED_BY, CREATED_DATE, SKIP_AUDIT_TRAIL) VALUES ('RD0191', 'T-JD','ADMIN-PETUGAS','SYSTEM',CURRENT_TIMESTAMP,'f');
INSERT INTO M_ROLE_DETAIL (ROLE_DETAIL_ID, MENU_DETAIL_ID,ROLE_ID, CREATED_BY, CREATED_DATE, SKIP_AUDIT_TRAIL) VALUES ('RD0192', 'T-UJD','ADMIN-PETUGAS','SYSTEM',CURRENT_TIMESTAMP,'f');
INSERT INTO M_ROLE_DETAIL (ROLE_DETAIL_ID, MENU_DETAIL_ID,ROLE_ID, CREATED_BY, CREATED_DATE, SKIP_AUDIT_TRAIL) VALUES ('RD0193', 'T-DJD','ADMIN-PETUGAS','SYSTEM',CURRENT_TIMESTAMP,'f');
INSERT INTO M_ROLE_DETAIL (ROLE_DETAIL_ID, MENU_DETAIL_ID,ROLE_ID, CREATED_BY, CREATED_DATE, SKIP_AUDIT_TRAIL) VALUES ('RD0194', 'M-AP','ADMIN-PETUGAS','SYSTEM',CURRENT_TIMESTAMP,'f');
INSERT INTO M_ROLE_DETAIL (ROLE_DETAIL_ID, MENU_DETAIL_ID,ROLE_ID, CREATED_BY, CREATED_DATE, SKIP_AUDIT_TRAIL) VALUES ('RD0195', 'T-AP','ADMIN-PETUGAS','SYSTEM',CURRENT_TIMESTAMP,'f');
INSERT INTO M_ROLE_DETAIL (ROLE_DETAIL_ID, MENU_DETAIL_ID,ROLE_ID, CREATED_BY, CREATED_DATE, SKIP_AUDIT_TRAIL) VALUES ('RD0196', 'T-UAP','ADMIN-PETUGAS','SYSTEM',CURRENT_TIMESTAMP,'f');
INSERT INTO M_ROLE_DETAIL (ROLE_DETAIL_ID, MENU_DETAIL_ID,ROLE_ID, CREATED_BY, CREATED_DATE, SKIP_AUDIT_TRAIL) VALUES ('RD0197', 'M-TP','ADMIN-PETUGAS','SYSTEM',CURRENT_TIMESTAMP,'f');
INSERT INTO M_ROLE_DETAIL (ROLE_DETAIL_ID, MENU_DETAIL_ID,ROLE_ID, CREATED_BY, CREATED_DATE, SKIP_AUDIT_TRAIL) VALUES ('RD0198', 'T-TP','ADMIN-PETUGAS','SYSTEM',CURRENT_TIMESTAMP,'f');
INSERT INTO M_ROLE_DETAIL (ROLE_DETAIL_ID, MENU_DETAIL_ID,ROLE_ID, CREATED_BY, CREATED_DATE, SKIP_AUDIT_TRAIL) VALUES ('RD0199', 'T-UTP','ADMIN-PETUGAS','SYSTEM',CURRENT_TIMESTAMP,'f');
INSERT INTO M_ROLE_DETAIL (ROLE_DETAIL_ID, MENU_DETAIL_ID,ROLE_ID, CREATED_BY, CREATED_DATE, SKIP_AUDIT_TRAIL) VALUES ('RD0200', 'M-US','ADMIN-PETUGAS','SYSTEM',CURRENT_TIMESTAMP,'f');
INSERT INTO M_ROLE_DETAIL (ROLE_DETAIL_ID, MENU_DETAIL_ID,ROLE_ID, CREATED_BY, CREATED_DATE, SKIP_AUDIT_TRAIL) VALUES ('RD0201', 'T-TUR','ADMIN-PETUGAS','SYSTEM',CURRENT_TIMESTAMP,'f');
INSERT INTO M_ROLE_DETAIL (ROLE_DETAIL_ID, MENU_DETAIL_ID,ROLE_ID, CREATED_BY, CREATED_DATE, SKIP_AUDIT_TRAIL) VALUES ('RD0202', 'T-UUR','ADMIN-PETUGAS','SYSTEM',CURRENT_TIMESTAMP,'f');
INSERT INTO M_ROLE_DETAIL (ROLE_DETAIL_ID, MENU_DETAIL_ID,ROLE_ID, CREATED_BY, CREATED_DATE, SKIP_AUDIT_TRAIL) VALUES ('RD0203', 'T-USRL','ADMIN-PETUGAS','SYSTEM',CURRENT_TIMESTAMP,'f');
INSERT INTO M_ROLE_DETAIL (ROLE_DETAIL_ID, MENU_DETAIL_ID,ROLE_ID, CREATED_BY, CREATED_DATE, SKIP_AUDIT_TRAIL) VALUES ('RD0204', 'M-RL','ADMIN-PETUGAS','SYSTEM',CURRENT_TIMESTAMP,'f');
INSERT INTO M_ROLE_DETAIL (ROLE_DETAIL_ID, MENU_DETAIL_ID,ROLE_ID, CREATED_BY, CREATED_DATE, SKIP_AUDIT_TRAIL) VALUES ('RD0205', 'T-TRL','ADMIN-PETUGAS','SYSTEM',CURRENT_TIMESTAMP,'f');
INSERT INTO M_ROLE_DETAIL (ROLE_DETAIL_ID, MENU_DETAIL_ID,ROLE_ID, CREATED_BY, CREATED_DATE, SKIP_AUDIT_TRAIL) VALUES ('RD0206', 'T-URL','ADMIN-PETUGAS','SYSTEM',CURRENT_TIMESTAMP,'f');
INSERT INTO M_ROLE_DETAIL (ROLE_DETAIL_ID, MENU_DETAIL_ID,ROLE_ID, CREATED_BY, CREATED_DATE, SKIP_AUDIT_TRAIL) VALUES ('RD0207', 'T-MRL','ADMIN-PETUGAS','SYSTEM',CURRENT_TIMESTAMP,'f');
INSERT INTO M_ROLE_DETAIL (ROLE_DETAIL_ID, MENU_DETAIL_ID,ROLE_ID, CREATED_BY, CREATED_DATE, SKIP_AUDIT_TRAIL) VALUES ('RD0208', 'M-DO','ADMIN-PETUGAS','SYSTEM',CURRENT_TIMESTAMP,'f');
INSERT INTO M_ROLE_DETAIL (ROLE_DETAIL_ID, MENU_DETAIL_ID,ROLE_ID, CREATED_BY, CREATED_DATE, SKIP_AUDIT_TRAIL) VALUES ('RD0209', 'T-REGA','ADMIN-PETUGAS','SYSTEM',CURRENT_TIMESTAMP,'f');
INSERT INTO M_ROLE_DETAIL (ROLE_DETAIL_ID, MENU_DETAIL_ID,ROLE_ID, CREATED_BY, CREATED_DATE, SKIP_AUDIT_TRAIL) VALUES ('RD0210', 'DB-PER','ADMINISTRATOR','SYSTEM',CURRENT_TIMESTAMP,'f');
INSERT INTO M_ROLE_DETAIL (ROLE_DETAIL_ID, MENU_DETAIL_ID,ROLE_ID, CREATED_BY, CREATED_DATE, SKIP_AUDIT_TRAIL) VALUES ('RD0211', 'DB-PASCA','ADMINISTRATOR','SYSTEM',CURRENT_TIMESTAMP,'f');
INSERT INTO M_ROLE_DETAIL (ROLE_DETAIL_ID, MENU_DETAIL_ID,ROLE_ID, CREATED_BY, CREATED_DATE, SKIP_AUDIT_TRAIL) VALUES ('RD0212', 'DB-PEM','ADMINISTRATOR','SYSTEM',CURRENT_TIMESTAMP,'f');
INSERT INTO M_ROLE_DETAIL (ROLE_DETAIL_ID, MENU_DETAIL_ID,ROLE_ID, CREATED_BY, CREATED_DATE, SKIP_AUDIT_TRAIL) VALUES ('RD0213', 'DB-REG','ADMINISTRATOR','SYSTEM',CURRENT_TIMESTAMP,'f');
INSERT INTO M_ROLE_DETAIL (ROLE_DETAIL_ID, MENU_DETAIL_ID,ROLE_ID, CREATED_BY, CREATED_DATE, SKIP_AUDIT_TRAIL) VALUES ('RD0214','M-HD','ADMINISTRATOR','SYSTEM',CURRENT_TIMESTAMP,f);
INSERT INTO M_ROLE_DETAIL (ROLE_DETAIL_ID, MENU_DETAIL_ID,ROLE_ID, CREATED_BY, CREATED_DATE, SKIP_AUDIT_TRAIL) VALUES ('RD0215','PUB-PEM','PUBLIC','SYSTEM',CURRENT_TIMESTAMP,f);

INSERT INTO M_USER_ROLE (USER_ROLE_ID,ROLE_ID,USER_ID, CREATED_DATE, CREATED_BY,SKIP_AUDIT_TRAIL) VALUES ('ADMINISTRATOR', 'ADMINISTRATOR', 'SUPER',CURRENT_TIMESTAMP,'SYSTEM','f');

create table tx_log_history (
tx_log_id varchar(36) not null,
tx_activity varchar(10) not null,
tx_activity_date timestamp not null,
tx_name varchar(255),
tx_new_data varchar(5000),
tx_obj_class_name varchar(500) not null,
tx_obj_id varchar(36) not null,
tx_old_data varchar(5000),
tx_section varchar(255),
tx_username varchar(255) not null,
tx_table_name varchar(50) not null,
primary key (tx_log_id));

drop table migrasi_class ;
create table migrasi_class (class_ varchar(255), uraian varchar(50000), application_no varchar(50));

