INSERT INTO M_PNBP (PNBP_ID,PNBP_DEPT_CODE,PNBP_FEE_CODE,PNBP_DESC,PNBP_VOLUME,PNBP_AMOUNT,PNBP_UOM,PNBP_ACC_CODE,PNBP_UNIT_CODE,PNBP_WORK_UNIT_CODE,PNBP_CURR_CODE,CREATED_DATE,CREATED_BY) VALUES ('b46196b3-690a-4ad6-9e39-c99d9f6ff444', '013', '000654', 'C. MEREK', '0', '0', '', '425218', '07', '097102', '1', CURRENT_TIMESTAMP,'SYSTEM');
INSERT INTO M_PNBP (PNBP_ID,PNBP_DEPT_CODE,PNBP_FEE_CODE,PNBP_DESC,PNBP_VOLUME,PNBP_AMOUNT,PNBP_UOM,PNBP_ACC_CODE,PNBP_UNIT_CODE,PNBP_WORK_UNIT_CODE,PNBP_CURR_CODE,CREATED_DATE,CREATED_BY) VALUES ('7cd201da-c06d-4868-85a8-274862504af6', '013', '000655', '1. Permohonan Pendaftaran Merek dan Permintaan Perpanjangan Perlindungan Merek Terdaftar ', '0', '0', '', '425218', '07', '097102', '1', CURRENT_TIMESTAMP,'SYSTEM');
INSERT INTO M_PNBP (PNBP_ID,PNBP_DEPT_CODE,PNBP_FEE_CODE,PNBP_DESC,PNBP_VOLUME,PNBP_AMOUNT,PNBP_UOM,PNBP_ACC_CODE,PNBP_UNIT_CODE,PNBP_WORK_UNIT_CODE,PNBP_CURR_CODE,CREATED_DATE,CREATED_BY) VALUES ('ed7ed410-991b-4786-bfdc-05bf3e437056', '013', '000656', '  a. Usaha Mikro dan Usaha Kecil', '0', '0', '', '425218', '07', '097102', '1', CURRENT_TIMESTAMP,'SYSTEM');
INSERT INTO M_PNBP (PNBP_ID,PNBP_DEPT_CODE,PNBP_FEE_CODE,PNBP_DESC,PNBP_VOLUME,PNBP_AMOUNT,PNBP_UOM,PNBP_ACC_CODE,PNBP_UNIT_CODE,PNBP_WORK_UNIT_CODE,PNBP_CURR_CODE,CREATED_DATE,CREATED_BY) VALUES ('ae653737-a61e-48ed-80c1-d4f27a2e7c1e', '013', '000657', '    1). Secara Elektronik (online)', '1', '500000', 'Per Kelas', '425218', '07', '097102', '1', CURRENT_TIMESTAMP,'SYSTEM');
INSERT INTO M_PNBP (PNBP_ID,PNBP_DEPT_CODE,PNBP_FEE_CODE,PNBP_DESC,PNBP_VOLUME,PNBP_AMOUNT,PNBP_UOM,PNBP_ACC_CODE,PNBP_UNIT_CODE,PNBP_WORK_UNIT_CODE,PNBP_CURR_CODE,CREATED_DATE,CREATED_BY) VALUES ('4f06afbc-7803-43d6-8aa2-6aee0189bd88', '013', '000658', '    2). Secara non Elektronik (manual)', '1', '600000', 'Per Kelas', '425218', '07', '097102', '1', CURRENT_TIMESTAMP,'SYSTEM');
INSERT INTO M_PNBP (PNBP_ID,PNBP_DEPT_CODE,PNBP_FEE_CODE,PNBP_DESC,PNBP_VOLUME,PNBP_AMOUNT,PNBP_UOM,PNBP_ACC_CODE,PNBP_UNIT_CODE,PNBP_WORK_UNIT_CODE,PNBP_CURR_CODE,CREATED_DATE,CREATED_BY) VALUES ('18cafd09-184d-4665-894a-c2266213df97', '013', '000659', '  b. Umum', '0', '0', '', '425218', '07', '097102', '1', CURRENT_TIMESTAMP,'SYSTEM');
INSERT INTO M_PNBP (PNBP_ID,PNBP_DEPT_CODE,PNBP_FEE_CODE,PNBP_DESC,PNBP_VOLUME,PNBP_AMOUNT,PNBP_UOM,PNBP_ACC_CODE,PNBP_UNIT_CODE,PNBP_WORK_UNIT_CODE,PNBP_CURR_CODE,CREATED_DATE,CREATED_BY) VALUES ('6cb9efd5-675a-49e5-be0d-fdd08c8b7d91', '013', '000660', '    1). Secara Elektronik (online)', '1', '1800000', 'Per Kelas', '425218', '07', '097102', '1', CURRENT_TIMESTAMP,'SYSTEM');
INSERT INTO M_PNBP (PNBP_ID,PNBP_DEPT_CODE,PNBP_FEE_CODE,PNBP_DESC,PNBP_VOLUME,PNBP_AMOUNT,PNBP_UOM,PNBP_ACC_CODE,PNBP_UNIT_CODE,PNBP_WORK_UNIT_CODE,PNBP_CURR_CODE,CREATED_DATE,CREATED_BY) VALUES ('a72ac3ef-2695-4e22-b54a-481d9d0bcff0', '013', '000661', '    2). Secara non Elektronik (manual)', '1', '2000000', 'Per Kelas', '425218', '07', '097102', '1', CURRENT_TIMESTAMP,'SYSTEM');
INSERT INTO M_PNBP (PNBP_ID,PNBP_DEPT_CODE,PNBP_FEE_CODE,PNBP_DESC,PNBP_VOLUME,PNBP_AMOUNT,PNBP_UOM,PNBP_ACC_CODE,PNBP_UNIT_CODE,PNBP_WORK_UNIT_CODE,PNBP_CURR_CODE,CREATED_DATE,CREATED_BY) VALUES ('a47ba843-61d5-44fe-a2ba-2c235fbe31b8', '013', '000662', '2. Permohonan Pendaftaran Indikasi Geografis', '0', '0', '', '425218', '07', '097102', '1', CURRENT_TIMESTAMP,'SYSTEM');
INSERT INTO M_PNBP (PNBP_ID,PNBP_DEPT_CODE,PNBP_FEE_CODE,PNBP_DESC,PNBP_VOLUME,PNBP_AMOUNT,PNBP_UOM,PNBP_ACC_CODE,PNBP_UNIT_CODE,PNBP_WORK_UNIT_CODE,PNBP_CURR_CODE,CREATED_DATE,CREATED_BY) VALUES ('a03c9df6-d52d-4ca2-9248-65a1372bf03c', '013', '000663', '  a Secara Elektronik (online)', '1', '450000', 'Per Kelas', '425218', '07', '097102', '1', CURRENT_TIMESTAMP,'SYSTEM');
INSERT INTO M_PNBP (PNBP_ID,PNBP_DEPT_CODE,PNBP_FEE_CODE,PNBP_DESC,PNBP_VOLUME,PNBP_AMOUNT,PNBP_UOM,PNBP_ACC_CODE,PNBP_UNIT_CODE,PNBP_WORK_UNIT_CODE,PNBP_CURR_CODE,CREATED_DATE,CREATED_BY) VALUES ('ce6b773a-fd7a-496c-8f16-efaf6c6280eb', '013', '000664', '  b.Secara non Elektronik (manual)', '1', '500000', 'Per Kelas', '425218', '07', '097102', '1', CURRENT_TIMESTAMP,'SYSTEM');
INSERT INTO M_PNBP (PNBP_ID,PNBP_DEPT_CODE,PNBP_FEE_CODE,PNBP_DESC,PNBP_VOLUME,PNBP_AMOUNT,PNBP_UOM,PNBP_ACC_CODE,PNBP_UNIT_CODE,PNBP_WORK_UNIT_CODE,PNBP_CURR_CODE,CREATED_DATE,CREATED_BY) VALUES ('4cb175ab-ddb2-430f-8b02-0beb58487b5d', '013', '000665', '3. Perpanjangan Perlindungan Merek /Merek Kolektif Terdaftar', '0', '0', '', '425218', '07', '097102', '1', CURRENT_TIMESTAMP,'SYSTEM');
INSERT INTO M_PNBP (PNBP_ID,PNBP_DEPT_CODE,PNBP_FEE_CODE,PNBP_DESC,PNBP_VOLUME,PNBP_AMOUNT,PNBP_UOM,PNBP_ACC_CODE,PNBP_UNIT_CODE,PNBP_WORK_UNIT_CODE,PNBP_CURR_CODE,CREATED_DATE,CREATED_BY) VALUES ('08c3f73a-9796-4c35-98e3-2cf35f046cf9', '013', '000666', '  a. Dalam jangka waktu 6 bulan sebelum/ sampai dengan berakhirnya perlindungan merek', '0', '0', '', '425218', '07', '097102', '1', CURRENT_TIMESTAMP,'SYSTEM');
INSERT INTO M_PNBP (PNBP_ID,PNBP_DEPT_CODE,PNBP_FEE_CODE,PNBP_DESC,PNBP_VOLUME,PNBP_AMOUNT,PNBP_UOM,PNBP_ACC_CODE,PNBP_UNIT_CODE,PNBP_WORK_UNIT_CODE,PNBP_CURR_CODE,CREATED_DATE,CREATED_BY) VALUES ('b4e8825b-6736-40f1-819c-b288d2255486', '013', '000667', '    1). Usaha Mikro dan Usaha Kecil', '0', '0', '', '425218', '07', '097102', '1', CURRENT_TIMESTAMP,'SYSTEM');
INSERT INTO M_PNBP (PNBP_ID,PNBP_DEPT_CODE,PNBP_FEE_CODE,PNBP_DESC,PNBP_VOLUME,PNBP_AMOUNT,PNBP_UOM,PNBP_ACC_CODE,PNBP_UNIT_CODE,PNBP_WORK_UNIT_CODE,PNBP_CURR_CODE,CREATED_DATE,CREATED_BY) VALUES ('74d8d00d-04de-490f-a4fd-4a135ed7896e', '013', '000668', '      a). Secara Elektronik (online)', '1', '1000000', 'Per Kelas', '425218', '07', '097102', '1', CURRENT_TIMESTAMP,'SYSTEM');
INSERT INTO M_PNBP (PNBP_ID,PNBP_DEPT_CODE,PNBP_FEE_CODE,PNBP_DESC,PNBP_VOLUME,PNBP_AMOUNT,PNBP_UOM,PNBP_ACC_CODE,PNBP_UNIT_CODE,PNBP_WORK_UNIT_CODE,PNBP_CURR_CODE,CREATED_DATE,CREATED_BY) VALUES ('6e8feb3e-4633-4038-9030-ea1f55a65ed3', '013', '000669', '      b). Secara Non Elektronik (manual)', '1', '1200000', 'Per Kelas', '425218', '07', '097102', '1', CURRENT_TIMESTAMP,'SYSTEM');
INSERT INTO M_PNBP (PNBP_ID,PNBP_DEPT_CODE,PNBP_FEE_CODE,PNBP_DESC,PNBP_VOLUME,PNBP_AMOUNT,PNBP_UOM,PNBP_ACC_CODE,PNBP_UNIT_CODE,PNBP_WORK_UNIT_CODE,PNBP_CURR_CODE,CREATED_DATE,CREATED_BY) VALUES ('73e749d2-f057-42bd-8e14-32f3e5141912', '013', '000670', '    2). Umum', '0', '0', '', '425218', '07', '097102', '1', CURRENT_TIMESTAMP,'SYSTEM');
INSERT INTO M_PNBP (PNBP_ID,PNBP_DEPT_CODE,PNBP_FEE_CODE,PNBP_DESC,PNBP_VOLUME,PNBP_AMOUNT,PNBP_UOM,PNBP_ACC_CODE,PNBP_UNIT_CODE,PNBP_WORK_UNIT_CODE,PNBP_CURR_CODE,CREATED_DATE,CREATED_BY) VALUES ('46e735c7-9369-4e85-b2fc-c462fe647c51', '013', '000671', '      a). Secara Elektronik (online)', '1', '2250000', 'Per Kelas', '425218', '07', '097102', '1', CURRENT_TIMESTAMP,'SYSTEM');
INSERT INTO M_PNBP (PNBP_ID,PNBP_DEPT_CODE,PNBP_FEE_CODE,PNBP_DESC,PNBP_VOLUME,PNBP_AMOUNT,PNBP_UOM,PNBP_ACC_CODE,PNBP_UNIT_CODE,PNBP_WORK_UNIT_CODE,PNBP_CURR_CODE,CREATED_DATE,CREATED_BY) VALUES ('4e089291-8776-4879-84c3-597f17afba88', '013', '000672', '      b). Secara Non Elektronik (manual)', '1', '2500000', 'Per Kelas', '425218', '07', '097102', '1', CURRENT_TIMESTAMP,'SYSTEM');
INSERT INTO M_PNBP (PNBP_ID,PNBP_DEPT_CODE,PNBP_FEE_CODE,PNBP_DESC,PNBP_VOLUME,PNBP_AMOUNT,PNBP_UOM,PNBP_ACC_CODE,PNBP_UNIT_CODE,PNBP_WORK_UNIT_CODE,PNBP_CURR_CODE,CREATED_DATE,CREATED_BY) VALUES ('e1d04d80-5484-4e8f-a6cd-b4aab0e071e6', '013', '000673', '  b. Dalam jangka waktu 6 bulan setelah berakhirnya perlindungan merek', '0', '0', '', '425218', '07', '097102', '1', CURRENT_TIMESTAMP,'SYSTEM');
INSERT INTO M_PNBP (PNBP_ID,PNBP_DEPT_CODE,PNBP_FEE_CODE,PNBP_DESC,PNBP_VOLUME,PNBP_AMOUNT,PNBP_UOM,PNBP_ACC_CODE,PNBP_UNIT_CODE,PNBP_WORK_UNIT_CODE,PNBP_CURR_CODE,CREATED_DATE,CREATED_BY) VALUES ('80b7d87a-a17e-4bcb-96bd-311200d1ead2', '013', '000674', '    1). Usaha Mikro dan Usaha Kecil', '0', '0', '', '425218', '07', '097102', '1', CURRENT_TIMESTAMP,'SYSTEM');
INSERT INTO M_PNBP (PNBP_ID,PNBP_DEPT_CODE,PNBP_FEE_CODE,PNBP_DESC,PNBP_VOLUME,PNBP_AMOUNT,PNBP_UOM,PNBP_ACC_CODE,PNBP_UNIT_CODE,PNBP_WORK_UNIT_CODE,PNBP_CURR_CODE,CREATED_DATE,CREATED_BY) VALUES ('67fbbd86-2f86-4c02-8151-3d7eaa3f2bee', '013', '000675', '      a). Secara Elektronik (online)', '1', '1500000', 'Per Kelas', '425218', '07', '097102', '1', CURRENT_TIMESTAMP,'SYSTEM');
INSERT INTO M_PNBP (PNBP_ID,PNBP_DEPT_CODE,PNBP_FEE_CODE,PNBP_DESC,PNBP_VOLUME,PNBP_AMOUNT,PNBP_UOM,PNBP_ACC_CODE,PNBP_UNIT_CODE,PNBP_WORK_UNIT_CODE,PNBP_CURR_CODE,CREATED_DATE,CREATED_BY) VALUES ('0292bbdc-804f-4746-975c-97011e08e2c5', '013', '000676', '      b). Secara Non Elektronik (manual)', '1', '1800000', 'Per Kelas', '425218', '07', '097102', '1', CURRENT_TIMESTAMP,'SYSTEM');
INSERT INTO M_PNBP (PNBP_ID,PNBP_DEPT_CODE,PNBP_FEE_CODE,PNBP_DESC,PNBP_VOLUME,PNBP_AMOUNT,PNBP_UOM,PNBP_ACC_CODE,PNBP_UNIT_CODE,PNBP_WORK_UNIT_CODE,PNBP_CURR_CODE,CREATED_DATE,CREATED_BY) VALUES ('67ca8190-2c89-4ae5-865b-66e79ec12b67', '013', '000677', '    2). Umum', '0', '0', '', '425218', '07', '097102', '1', CURRENT_TIMESTAMP,'SYSTEM');
INSERT INTO M_PNBP (PNBP_ID,PNBP_DEPT_CODE,PNBP_FEE_CODE,PNBP_DESC,PNBP_VOLUME,PNBP_AMOUNT,PNBP_UOM,PNBP_ACC_CODE,PNBP_UNIT_CODE,PNBP_WORK_UNIT_CODE,PNBP_CURR_CODE,CREATED_DATE,CREATED_BY) VALUES ('e39fb289-0c85-4abe-af8b-1894b151ef62', '013', '000678', '      a). Secara Elektronik (online)', '1', '3000000', 'Per Kelas', '425218', '07', '097102', '1', CURRENT_TIMESTAMP,'SYSTEM');
INSERT INTO M_PNBP (PNBP_ID,PNBP_DEPT_CODE,PNBP_FEE_CODE,PNBP_DESC,PNBP_VOLUME,PNBP_AMOUNT,PNBP_UOM,PNBP_ACC_CODE,PNBP_UNIT_CODE,PNBP_WORK_UNIT_CODE,PNBP_CURR_CODE,CREATED_DATE,CREATED_BY) VALUES ('baf7df5e-c049-4292-82d4-5337176cc2e1', '013', '000679', '      b). Secara Non Elektronik (manual)', '1', '4000000', 'Per Kelas', '425218', '07', '097102', '1', CURRENT_TIMESTAMP,'SYSTEM');
INSERT INTO M_PNBP (PNBP_ID,PNBP_DEPT_CODE,PNBP_FEE_CODE,PNBP_DESC,PNBP_VOLUME,PNBP_AMOUNT,PNBP_UOM,PNBP_ACC_CODE,PNBP_UNIT_CODE,PNBP_WORK_UNIT_CODE,PNBP_CURR_CODE,CREATED_DATE,CREATED_BY) VALUES ('9e6581df-2977-4fcc-b092-f06340c9356b', '013', '000680', '4. Pengajuan Keberatan atas Permohonan Merek/Merek Kolektif/Indikasi Geografis', '1', '1000000', 'Per Permohonan', '425218', '07', '097102', '1', CURRENT_TIMESTAMP,'SYSTEM');
INSERT INTO M_PNBP (PNBP_ID,PNBP_DEPT_CODE,PNBP_FEE_CODE,PNBP_DESC,PNBP_VOLUME,PNBP_AMOUNT,PNBP_UOM,PNBP_ACC_CODE,PNBP_UNIT_CODE,PNBP_WORK_UNIT_CODE,PNBP_CURR_CODE,CREATED_DATE,CREATED_BY) VALUES ('e2ef135f-b1ff-44a7-9233-e5f89a00a4cd', '013', '000681', '5. Permohonan Banding Merek/Merek Kolektif/Indikasi Geografis', '1', '3000000', 'Per Permohonan', '425218', '07', '097102', '1', CURRENT_TIMESTAMP,'SYSTEM');
INSERT INTO M_PNBP (PNBP_ID,PNBP_DEPT_CODE,PNBP_FEE_CODE,PNBP_DESC,PNBP_VOLUME,PNBP_AMOUNT,PNBP_UOM,PNBP_ACC_CODE,PNBP_UNIT_CODE,PNBP_WORK_UNIT_CODE,PNBP_CURR_CODE,CREATED_DATE,CREATED_BY) VALUES ('4cc6544b-36aa-46f5-94a2-c8526bf12815', '013', '000682', '6. Biaya Pencatatan dalam Daftar Umum Merek', '0', '0', '', '425218', '07', '097102', '1', CURRENT_TIMESTAMP,'SYSTEM');
INSERT INTO M_PNBP (PNBP_ID,PNBP_DEPT_CODE,PNBP_FEE_CODE,PNBP_DESC,PNBP_VOLUME,PNBP_AMOUNT,PNBP_UOM,PNBP_ACC_CODE,PNBP_UNIT_CODE,PNBP_WORK_UNIT_CODE,PNBP_CURR_CODE,CREATED_DATE,CREATED_BY) VALUES ('bbdcb879-161d-4302-bb7d-c56af7792c3c', '013', '000683', '  a. Pencatatan Perubahan Nama dan/atau  Alamat Pemilik Merek', '1', '300000', 'Per Permohonan Per Nomor', '425218', '07', '097102', '1', CURRENT_TIMESTAMP,'SYSTEM');
INSERT INTO M_PNBP (PNBP_ID,PNBP_DEPT_CODE,PNBP_FEE_CODE,PNBP_DESC,PNBP_VOLUME,PNBP_AMOUNT,PNBP_UOM,PNBP_ACC_CODE,PNBP_UNIT_CODE,PNBP_WORK_UNIT_CODE,PNBP_CURR_CODE,CREATED_DATE,CREATED_BY) VALUES ('d758a321-96f4-46ca-a34a-fbc967e43f15', '013', '000684', '  b. Pencatatan Pengalihan Hak/Penggabungan Perusahaan (Merger) atas Merek/Merek Kolektif Terdaftar', '1', '650000', 'Per Nomor Daftar', '425218', '07', '097102', '1', CURRENT_TIMESTAMP,'SYSTEM');
INSERT INTO M_PNBP (PNBP_ID,PNBP_DEPT_CODE,PNBP_FEE_CODE,PNBP_DESC,PNBP_VOLUME,PNBP_AMOUNT,PNBP_UOM,PNBP_ACC_CODE,PNBP_UNIT_CODE,PNBP_WORK_UNIT_CODE,PNBP_CURR_CODE,CREATED_DATE,CREATED_BY) VALUES ('4b08725e-ece0-41fa-828c-674db447874a', '013', '000685', '  c. Pencatatan Perjanjian Lisensi', '1', '500000', 'Per Nomor Daftar', '425218', '07', '097102', '1', CURRENT_TIMESTAMP,'SYSTEM');
INSERT INTO M_PNBP (PNBP_ID,PNBP_DEPT_CODE,PNBP_FEE_CODE,PNBP_DESC,PNBP_VOLUME,PNBP_AMOUNT,PNBP_UOM,PNBP_ACC_CODE,PNBP_UNIT_CODE,PNBP_WORK_UNIT_CODE,PNBP_CURR_CODE,CREATED_DATE,CREATED_BY) VALUES ('84fb6109-f1c6-4833-a0a9-92af5f1faaf0', '013', '000686', '  d. Pencatatan Penghapusan Pendaftaran Merek dan/atau Merek Kolektif dan/atau Indikasi Geografis', '1', '200000', 'Per Permohonan Per Nomor', '425218', '07', '097102', '1', CURRENT_TIMESTAMP,'SYSTEM');
INSERT INTO M_PNBP (PNBP_ID,PNBP_DEPT_CODE,PNBP_FEE_CODE,PNBP_DESC,PNBP_VOLUME,PNBP_AMOUNT,PNBP_UOM,PNBP_ACC_CODE,PNBP_UNIT_CODE,PNBP_WORK_UNIT_CODE,PNBP_CURR_CODE,CREATED_DATE,CREATED_BY) VALUES ('7a3c032c-073e-4df8-a8ab-09baa37346f2', '013', '000687', '  e. Pencatatan Perubahan Peraturan Penggunaan Merek Kolektif', '1', '300000', 'Per Nomor Daftar', '425218', '07', '097102', '1', CURRENT_TIMESTAMP,'SYSTEM');
INSERT INTO M_PNBP (PNBP_ID,PNBP_DEPT_CODE,PNBP_FEE_CODE,PNBP_DESC,PNBP_VOLUME,PNBP_AMOUNT,PNBP_UOM,PNBP_ACC_CODE,PNBP_UNIT_CODE,PNBP_WORK_UNIT_CODE,PNBP_CURR_CODE,CREATED_DATE,CREATED_BY) VALUES ('2c0cf538-4e72-4bed-bb15-0415de43070a', '013', '000688', '7. Permohonan Petikan Resmi dan Permohonan Keterangan Tertulis Mengenai Merek ', '0', '0', '', '425218', '07', '097102', '1', CURRENT_TIMESTAMP,'SYSTEM');
INSERT INTO M_PNBP (PNBP_ID,PNBP_DEPT_CODE,PNBP_FEE_CODE,PNBP_DESC,PNBP_VOLUME,PNBP_AMOUNT,PNBP_UOM,PNBP_ACC_CODE,PNBP_UNIT_CODE,PNBP_WORK_UNIT_CODE,PNBP_CURR_CODE,CREATED_DATE,CREATED_BY) VALUES ('4d0dc39e-52a9-406f-9257-7f3d70aa4f36', '013', '000689', '  a. Permohonan Petikan Resmi Pendaftaran Merek/Merek Kolektif/Indikasi Geografis', '1', '200000', 'Per Permohonan Per Nomor', '425218', '07', '097102', '1', CURRENT_TIMESTAMP,'SYSTEM');
INSERT INTO M_PNBP (PNBP_ID,PNBP_DEPT_CODE,PNBP_FEE_CODE,PNBP_DESC,PNBP_VOLUME,PNBP_AMOUNT,PNBP_UOM,PNBP_ACC_CODE,PNBP_UNIT_CODE,PNBP_WORK_UNIT_CODE,PNBP_CURR_CODE,CREATED_DATE,CREATED_BY) VALUES ('389a8efb-5d91-4e85-baec-5fdbeb7f574a', '013', '000690', '  b. Permohonan Keterangan Tertulis Mengenai', '0', '0', '', '425218', '07', '097102', '1', CURRENT_TIMESTAMP,'SYSTEM');
INSERT INTO M_PNBP (PNBP_ID,PNBP_DEPT_CODE,PNBP_FEE_CODE,PNBP_DESC,PNBP_VOLUME,PNBP_AMOUNT,PNBP_UOM,PNBP_ACC_CODE,PNBP_UNIT_CODE,PNBP_WORK_UNIT_CODE,PNBP_CURR_CODE,CREATED_DATE,CREATED_BY) VALUES ('22781e24-6e3d-49c1-9d34-43ba7b83f3f6', '013', '000691', '    1). Klasifikasi Barang dan/atau Jasa', '1', '200000', 'Per Permohonan Per Kelas', '425218', '07', '097102', '1', CURRENT_TIMESTAMP,'SYSTEM');
INSERT INTO M_PNBP (PNBP_ID,PNBP_DEPT_CODE,PNBP_FEE_CODE,PNBP_DESC,PNBP_VOLUME,PNBP_AMOUNT,PNBP_UOM,PNBP_ACC_CODE,PNBP_UNIT_CODE,PNBP_WORK_UNIT_CODE,PNBP_CURR_CODE,CREATED_DATE,CREATED_BY) VALUES ('17716a6a-6748-4720-94b0-3389ab8e5a95', '013', '000692', '    2). Barang dan/atau Jasa Sejenis', '1', '200000', 'Per Permohonan Per Kelas', '425218', '07', '097102', '1', CURRENT_TIMESTAMP,'SYSTEM');
INSERT INTO M_PNBP (PNBP_ID,PNBP_DEPT_CODE,PNBP_FEE_CODE,PNBP_DESC,PNBP_VOLUME,PNBP_AMOUNT,PNBP_UOM,PNBP_ACC_CODE,PNBP_UNIT_CODE,PNBP_WORK_UNIT_CODE,PNBP_CURR_CODE,CREATED_DATE,CREATED_BY) VALUES ('e00d92e9-0ce4-431e-8db8-4f8bf8a0295c', '013', '000693', '    3). Perpanjangan Jangka Waktu Perlindungan Merek Terdaftar', '1', '200000', 'Per Permohonan Per Nomor Daftar', '425218', '07', '097102', '1', CURRENT_TIMESTAMP,'SYSTEM');
INSERT INTO M_PNBP (PNBP_ID,PNBP_DEPT_CODE,PNBP_FEE_CODE,PNBP_DESC,PNBP_VOLUME,PNBP_AMOUNT,PNBP_UOM,PNBP_ACC_CODE,PNBP_UNIT_CODE,PNBP_WORK_UNIT_CODE,PNBP_CURR_CODE,CREATED_DATE,CREATED_BY) VALUES ('4fe5e998-e6fa-4c1a-8f80-7419362c8819', '013', '000694', '  c. Permohonan Keterangan Tertulis Mengenai Daftar Umum Merek/ Indikasi Geografis', '1', '200000', 'Per Permohonan Per Nomor', '425218', '07', '097102', '1', CURRENT_TIMESTAMP,'SYSTEM');
INSERT INTO M_PNBP (PNBP_ID,PNBP_DEPT_CODE,PNBP_FEE_CODE,PNBP_DESC,PNBP_VOLUME,PNBP_AMOUNT,PNBP_UOM,PNBP_ACC_CODE,PNBP_UNIT_CODE,PNBP_WORK_UNIT_CODE,PNBP_CURR_CODE,CREATED_DATE,CREATED_BY) VALUES ('2e89386d-9059-4f58-8ff7-159f4fa2faa8', '013', '000695', '8. Perubahan Data Permohonan Pendaftaran Merek atau Indikasi Geografis Karena Kesalahan Penulisan oleh Pemohon yang Tidak Berdampak Perubahan Kepemilikan/Kuasa', '1', '200000', 'Per Permohonan Pendaftaran', '425218', '07', '097102', '1', CURRENT_TIMESTAMP,'SYSTEM');
INSERT INTO M_PNBP (PNBP_ID,PNBP_DEPT_CODE,PNBP_FEE_CODE,PNBP_DESC,PNBP_VOLUME,PNBP_AMOUNT,PNBP_UOM,PNBP_ACC_CODE,PNBP_UNIT_CODE,PNBP_WORK_UNIT_CODE,PNBP_CURR_CODE,CREATED_DATE,CREATED_BY) VALUES ('22d7a871-7cf7-4d22-8e6c-f75cb7a9b661', '013', '000696', '9. Perubahan Data pada Buku Persyaratan Indikasi Geografis Karena Kesalahan Penulisan Oleh Pemohon', '1', '200000', 'Per Permohonan Per Nomor', '425218', '07', '097102', '1', CURRENT_TIMESTAMP,'SYSTEM');
INSERT INTO M_PNBP (PNBP_ID,PNBP_DEPT_CODE,PNBP_FEE_CODE,PNBP_DESC,PNBP_VOLUME,PNBP_AMOUNT,PNBP_UOM,PNBP_ACC_CODE,PNBP_UNIT_CODE,PNBP_WORK_UNIT_CODE,PNBP_CURR_CODE,CREATED_DATE,CREATED_BY) VALUES ('f6284f93-6142-49ac-8bef-ec6ff88d4620', '013', '000697', '10. Perubahan Data Permohonan Pendaftaran Merek, Merek Kolektif atau Indikasi Geografis Pada Sertifikat Karena Kesalahan Penulisan oleh Pemohon yang Tidak Berdampak Perubahan Kepemilikan/Kuasa ', '1', '300000', 'Per Permohonan Pendaftaran', '425218', '07', '097102', '1', CURRENT_TIMESTAMP,'SYSTEM');
INSERT INTO M_PNBP (PNBP_ID,PNBP_DEPT_CODE,PNBP_FEE_CODE,PNBP_DESC,PNBP_VOLUME,PNBP_AMOUNT,PNBP_UOM,PNBP_ACC_CODE,PNBP_UNIT_CODE,PNBP_WORK_UNIT_CODE,PNBP_CURR_CODE,CREATED_DATE,CREATED_BY) VALUES ('a3ab20a1-4f94-48ac-ba30-da9c721e7740', '013', '000698', '11. Biaya Salinan Bukti Prioritas Permohonan Merek', '1', '300000', 'Per Permohonan Per Nomor', '425218', '07', '097102', '1', CURRENT_TIMESTAMP,'SYSTEM');
INSERT INTO M_PNBP (PNBP_ID,PNBP_DEPT_CODE,PNBP_FEE_CODE,PNBP_DESC,PNBP_VOLUME,PNBP_AMOUNT,PNBP_UOM,PNBP_ACC_CODE,PNBP_UNIT_CODE,PNBP_WORK_UNIT_CODE,PNBP_CURR_CODE,CREATED_DATE,CREATED_BY) VALUES ('56faadf8-5e29-44ca-a4a7-6aea9101482d', '013', '000699', '12. Permohonan Pemeriksaan Substantif Indikasi Geografis', '1', '750000', 'Per Permohonan', '425218', '07', '097102', '1', CURRENT_TIMESTAMP,'SYSTEM');
INSERT INTO M_PNBP (PNBP_ID,PNBP_DEPT_CODE,PNBP_FEE_CODE,PNBP_DESC,PNBP_VOLUME,PNBP_AMOUNT,PNBP_UOM,PNBP_ACC_CODE,PNBP_UNIT_CODE,PNBP_WORK_UNIT_CODE,PNBP_CURR_CODE,CREATED_DATE,CREATED_BY) VALUES ('4c5abe84-bc9e-45cf-adc8-27d0a3ef29f9', '013', '000700', '13. Pencatatan Perubahan Buku Persyaratan Indikasi Geografis', '1', '200000', 'Per Permohonan', '425218', '07', '097102', '1', CURRENT_TIMESTAMP,'SYSTEM');
INSERT INTO M_PNBP (PNBP_ID,PNBP_DEPT_CODE,PNBP_FEE_CODE,PNBP_DESC,PNBP_VOLUME,PNBP_AMOUNT,PNBP_UOM,PNBP_ACC_CODE,PNBP_UNIT_CODE,PNBP_WORK_UNIT_CODE,PNBP_CURR_CODE,CREATED_DATE,CREATED_BY) VALUES ('c3420460-7193-491f-9a15-2e25fe568591', '013', '000701', '14. Pencatatan  Pemakaian Indikasi Geografis', '1', '750000', 'Per Permohonan', '425218', '07', '097102', '1', CURRENT_TIMESTAMP,'SYSTEM');
INSERT INTO M_PNBP (PNBP_ID,PNBP_DEPT_CODE,PNBP_FEE_CODE,PNBP_DESC,PNBP_VOLUME,PNBP_AMOUNT,PNBP_UOM,PNBP_ACC_CODE,PNBP_UNIT_CODE,PNBP_WORK_UNIT_CODE,PNBP_CURR_CODE,CREATED_DATE,CREATED_BY) VALUES ('43b467bb-dbcc-411b-8b5e-fa358b265422', '013', '000702', '15. Pendaftaran Konsultan Hak Kekayaan Intelektual', '1', '0', 'Per Orang', '425218', '07', '097102', '1', CURRENT_TIMESTAMP,'SYSTEM');

INSERT INTO M_PNBP_FEE_CODE (PNBP_FEE_CODE_ID,FILE_SEQ_ID,FILE_TYPE_ID,FILE_TYPE_DETAIL_ID,PNBP_FEE_CODE) VALUES ('bef8e3c4-e73f-4a20-8278-a854f6c3ad00', NULL, NULL, 'UMKM','000657');
INSERT INTO M_PNBP_FEE_CODE (PNBP_FEE_CODE_ID,FILE_SEQ_ID,FILE_TYPE_ID,FILE_TYPE_DETAIL_ID,PNBP_FEE_CODE) VALUES ('b0ca8800-b6c7-410e-892b-9412019ab900', '00', NULL, 'UMKM','000658');
INSERT INTO M_PNBP_FEE_CODE (PNBP_FEE_CODE_ID,FILE_SEQ_ID,FILE_TYPE_ID,FILE_TYPE_DETAIL_ID,PNBP_FEE_CODE) VALUES ('5b5382f7-68ce-4a48-8cca-14d0c963fdea', NULL, NULL, 'NUMKM','000660');
INSERT INTO M_PNBP_FEE_CODE (PNBP_FEE_CODE_ID,FILE_SEQ_ID,FILE_TYPE_ID,FILE_TYPE_DETAIL_ID,PNBP_FEE_CODE) VALUES ('28488c2e-0807-417f-ae3a-9d1e80d31a23', '00', NULL, 'NUMKM','000661');
INSERT INTO M_PNBP_FEE_CODE (PNBP_FEE_CODE_ID,FILE_SEQ_ID,FILE_TYPE_ID,FILE_TYPE_DETAIL_ID,PNBP_FEE_CODE) VALUES ('a98cf9f3-e28e-44b8-a6f8-7d2c03f221d3', NULL, 'PERPANJANGAN', 'UMKM','000668');
INSERT INTO M_PNBP_FEE_CODE (PNBP_FEE_CODE_ID,FILE_SEQ_ID,FILE_TYPE_ID,FILE_TYPE_DETAIL_ID,PNBP_FEE_CODE) VALUES ('a6f31ed5-6702-4c1e-8460-71309cec583d', '00', 'PERPANJANGAN', 'UMKM','000669');
INSERT INTO M_PNBP_FEE_CODE (PNBP_FEE_CODE_ID,FILE_SEQ_ID,FILE_TYPE_ID,FILE_TYPE_DETAIL_ID,PNBP_FEE_CODE) VALUES ('8fe68a75-b703-4c12-80ba-6606e9e567db', NULL, 'PERPANJANGAN', 'NUMKM','000671');
INSERT INTO M_PNBP_FEE_CODE (PNBP_FEE_CODE_ID,FILE_SEQ_ID,FILE_TYPE_ID,FILE_TYPE_DETAIL_ID,PNBP_FEE_CODE) VALUES ('7dd8ae25-c356-46be-8c66-b7fbda7fe968', '00', 'PERPANJANGAN', 'NUMKM','000672');
INSERT INTO M_PNBP_FEE_CODE (PNBP_FEE_CODE_ID,FILE_SEQ_ID,FILE_TYPE_ID,FILE_TYPE_DETAIL_ID,PNBP_FEE_CODE) VALUES ('8b4c8498-301d-4d57-971d-092f8525325b', NULL, 'PERPANJANGAN_6_BULAN_KADALUARSA', 'UMKM','000675');
INSERT INTO M_PNBP_FEE_CODE (PNBP_FEE_CODE_ID,FILE_SEQ_ID,FILE_TYPE_ID,FILE_TYPE_DETAIL_ID,PNBP_FEE_CODE) VALUES ('2b7adc84-57e0-4fc7-a8c0-dd4a56a3da1c', '00', 'PERPANJANGAN_6_BULAN_KADALUARSA', 'UMKM','000676');
INSERT INTO M_PNBP_FEE_CODE (PNBP_FEE_CODE_ID,FILE_SEQ_ID,FILE_TYPE_ID,FILE_TYPE_DETAIL_ID,PNBP_FEE_CODE) VALUES ('96e1baa6-d0e1-49f2-9ef9-21c187940ab5', NULL, 'PERPANJANGAN_6_BULAN_KADALUARSA', 'NUMKM','000678');
INSERT INTO M_PNBP_FEE_CODE (PNBP_FEE_CODE_ID,FILE_SEQ_ID,FILE_TYPE_ID,FILE_TYPE_DETAIL_ID,PNBP_FEE_CODE) VALUES ('7eddaf53-25b1-48e1-b779-f0b3bd47ddcb', '00', 'PERPANJANGAN_6_BULAN_KADALUARSA', 'NUMKM','000679');
INSERT INTO M_PNBP_FEE_CODE (PNBP_FEE_CODE_ID,FILE_SEQ_ID,FILE_TYPE_ID,FILE_TYPE_DETAIL_ID,PNBP_FEE_CODE) VALUES ('31de987d-b9d0-43f1-8f07-95d127076a5d', NULL, 'PENGAJUAN_KEBERATAN',  NULL,'000680');
INSERT INTO M_PNBP_FEE_CODE (PNBP_FEE_CODE_ID,FILE_SEQ_ID,FILE_TYPE_ID,FILE_TYPE_DETAIL_ID,PNBP_FEE_CODE) VALUES ('62df7359-6ce8-43f3-ba3e-fcfcccb8c88f', NULL, 'PERMOHONAN_BANDING',  NULL,'000681');
INSERT INTO M_PNBP_FEE_CODE (PNBP_FEE_CODE_ID,FILE_SEQ_ID,FILE_TYPE_ID,FILE_TYPE_DETAIL_ID,PNBP_FEE_CODE) VALUES ('41391ac4-99a1-43c1-acf9-9c21344f5834', NULL, 'PENCATATAN_PERUBAHAN_NAMA_ALAMAT',  NULL,'000683');
INSERT INTO M_PNBP_FEE_CODE (PNBP_FEE_CODE_ID,FILE_SEQ_ID,FILE_TYPE_ID,FILE_TYPE_DETAIL_ID,PNBP_FEE_CODE) VALUES ('91318b88-384c-41a4-a473-a4141a39ecab', NULL, 'PENCATATAN_PENGALIHAN_HAK',  NULL,'000684');
INSERT INTO M_PNBP_FEE_CODE (PNBP_FEE_CODE_ID,FILE_SEQ_ID,FILE_TYPE_ID,FILE_TYPE_DETAIL_ID,PNBP_FEE_CODE) VALUES ('6472adaf-2be0-4518-b459-5a90c91f53bd', NULL, 'PENCATATAN_PERJANJIAN_LISENSI',  NULL,'000685');
INSERT INTO M_PNBP_FEE_CODE (PNBP_FEE_CODE_ID,FILE_SEQ_ID,FILE_TYPE_ID,FILE_TYPE_DETAIL_ID,PNBP_FEE_CODE) VALUES ('a516fc36-f341-49ce-9045-f6f64bf7ebda', NULL, 'PENCATATAN_PENGHAPUSAN_PENDAFTARAN',  NULL,'000686');
INSERT INTO M_PNBP_FEE_CODE (PNBP_FEE_CODE_ID,FILE_SEQ_ID,FILE_TYPE_ID,FILE_TYPE_DETAIL_ID,PNBP_FEE_CODE) VALUES ('0b311a69-2e35-41b2-ae9b-161b0d0882bc', NULL, 'PENCATATAN_PERUBAHAN_PERATURAN',  NULL,'000687');
INSERT INTO M_PNBP_FEE_CODE (PNBP_FEE_CODE_ID,FILE_SEQ_ID,FILE_TYPE_ID,FILE_TYPE_DETAIL_ID,PNBP_FEE_CODE) VALUES ('240fb21b-c1df-455b-88cf-807a8f82765a', NULL, 'PERMOHONAN_PETIKAN_RESMI',  NULL,'000689');
INSERT INTO M_PNBP_FEE_CODE (PNBP_FEE_CODE_ID,FILE_SEQ_ID,FILE_TYPE_ID,FILE_TYPE_DETAIL_ID,PNBP_FEE_CODE) VALUES ('c8bd8df6-2420-4b5c-b7f4-4f6f7d70d1f8', NULL, 'PERMOHONAN_KLASIFIKASI_BARANG_JASA',  NULL,'000691');
INSERT INTO M_PNBP_FEE_CODE (PNBP_FEE_CODE_ID,FILE_SEQ_ID,FILE_TYPE_ID,FILE_TYPE_DETAIL_ID,PNBP_FEE_CODE) VALUES ('b67f6245-57af-427b-8c45-0423c3fb8197', NULL, 'PERMOHONAN_BARANG_JASA_SEJENIS',  NULL,'000692');
INSERT INTO M_PNBP_FEE_CODE (PNBP_FEE_CODE_ID,FILE_SEQ_ID,FILE_TYPE_ID,FILE_TYPE_DETAIL_ID,PNBP_FEE_CODE) VALUES ('9d3cf0ff-f0f0-4c5e-bc2b-6c8f8c862c68', NULL, 'PERMOHONAN_KETERANGAN_PERPANJANGAN',  NULL,'000693');
INSERT INTO M_PNBP_FEE_CODE (PNBP_FEE_CODE_ID,FILE_SEQ_ID,FILE_TYPE_ID,FILE_TYPE_DETAIL_ID,PNBP_FEE_CODE) VALUES ('17ffa474-02f9-4962-9837-28cd6bdb33fb', NULL, 'PERMOHONAN_DAFTAR_UMUM_MEREK',  NULL,'000694');
INSERT INTO M_PNBP_FEE_CODE (PNBP_FEE_CODE_ID,FILE_SEQ_ID,FILE_TYPE_ID,FILE_TYPE_DETAIL_ID,PNBP_FEE_CODE) VALUES ('bb02e9f3-f63b-4e19-8090-7ce708b5c2f1', NULL, 'PERUBAHAN_MEREK_KRN_KESALAHAN',  NULL,'000695');
INSERT INTO M_PNBP_FEE_CODE (PNBP_FEE_CODE_ID,FILE_SEQ_ID,FILE_TYPE_ID,FILE_TYPE_DETAIL_ID,PNBP_FEE_CODE) VALUES ('291847df-76cb-4443-a302-e237d7edf791', NULL, 'PERUBAHAN_BUKU_IG_KRN_KESALAHAN',  NULL,'000696');
INSERT INTO M_PNBP_FEE_CODE (PNBP_FEE_CODE_ID,FILE_SEQ_ID,FILE_TYPE_ID,FILE_TYPE_DETAIL_ID,PNBP_FEE_CODE) VALUES ('105f2fd1-15d4-4a4a-aacc-04a1d266d09a', NULL, 'PERUBAHAN_PADA_SERTIFIKAT',  NULL,'000697');
INSERT INTO M_PNBP_FEE_CODE (PNBP_FEE_CODE_ID,FILE_SEQ_ID,FILE_TYPE_ID,FILE_TYPE_DETAIL_ID,PNBP_FEE_CODE) VALUES ('87f5f713-3ea2-4ef8-a1bb-f66683461b1b', NULL, 'BIAYA_SALINAN_BUKTI_PRIORITAS',  NULL,'000698');
INSERT INTO M_PNBP_FEE_CODE (PNBP_FEE_CODE_ID,FILE_SEQ_ID,FILE_TYPE_ID,FILE_TYPE_DETAIL_ID,PNBP_FEE_CODE) VALUES ('b42fb4dd-e991-4807-92ee-31556fbe83cb', NULL, 'PERMOHONAN_PEMERIKSAAN_IG',  NULL,'000699');
INSERT INTO M_PNBP_FEE_CODE (PNBP_FEE_CODE_ID,FILE_SEQ_ID,FILE_TYPE_ID,FILE_TYPE_DETAIL_ID,PNBP_FEE_CODE) VALUES ('306216b9-6bd1-4aeb-b6ef-6ed60a2d2f0b', NULL, 'PENCATATAN_PERUBAHAN_BUKU_IG',  NULL,'000700');
INSERT INTO M_PNBP_FEE_CODE (PNBP_FEE_CODE_ID,FILE_SEQ_ID,FILE_TYPE_ID,FILE_TYPE_DETAIL_ID,PNBP_FEE_CODE) VALUES ('79ff4f8a-6bc4-460e-93f9-d93f690f3c7e', NULL, 'PENCATATAN_PEMAKAIAN_IG',  NULL,'000701');

INSERT INTO M_STATUS (STATUS_ID, STATUS_CODE, STATUS_NAME, CREATED_BY, CREATED_DATE, STATUS_FLAG, STATIC_FLAG,SKIP_AUDIT_TRAIL) VALUES('TM_PERMOHONAN_BARU', '256','(TM) Permohonan Diterima','SYSTEM',CURRENT_TIMESTAMP,'t','t','f');
INSERT INTO M_STATUS (STATUS_ID, STATUS_CODE, STATUS_NAME, CREATED_BY, CREATED_DATE, STATUS_FLAG, STATIC_FLAG,SKIP_AUDIT_TRAIL) VALUES('TM_DATA_CAPTURE_SELESAI', 'ST001','(TM) Data Capture Dokumen Selesai','SYSTEM',CURRENT_TIMESTAMP,'t','t','f');
INSERT INTO M_STATUS (STATUS_ID, STATUS_CODE, STATUS_NAME, CREATED_BY, CREATED_DATE, STATUS_FLAG, STATIC_FLAG,SKIP_AUDIT_TRAIL) VALUES('IPT_DRAFT','IPTDRFT','(IPT) Draft','SYSTEM',CURRENT_TIMESTAMP,'t','t','f');
INSERT INTO M_STATUS (STATUS_ID, STATUS_CODE, STATUS_NAME, CREATED_BY, CREATED_DATE, STATUS_FLAG, STATIC_FLAG,SKIP_AUDIT_TRAIL) VALUES('IPT_PENGAJUAN_PERMOHONAN', 'IPTPPOL','(IPT) Pengajuan Permohonan','SYSTEM',CURRENT_TIMESTAMP,'t','t','f');
INSERT INTO M_STATUS (STATUS_ID, STATUS_CODE, STATUS_NAME, CREATED_BY, CREATED_DATE, STATUS_FLAG, STATIC_FLAG,SKIP_AUDIT_TRAIL) VALUES('TM_PELAYANAN_TEKNIS', 'TMPLYT','(TM) Pelayanan Teknis','SYSTEM',CURRENT_TIMESTAMP,'t','t','f');
INSERT INTO M_STATUS (STATUS_ID, STATUS_CODE, STATUS_NAME, CREATED_BY, CREATED_DATE, STATUS_FLAG, STATIC_FLAG,SKIP_AUDIT_TRAIL) VALUES('TM_PASCA_PERMOHONAN', 'IPTPSCAOL','(IPT) Pengajuan Pasca Permohonan','SYSTEM',CURRENT_TIMESTAMP,'t','t','f');
INSERT INTO M_STATUS (STATUS_ID, STATUS_CODE, STATUS_NAME, CREATED_BY, CREATED_DATE, STATUS_FLAG, STATIC_FLAG,SKIP_AUDIT_TRAIL) VALUES('TM_PUBLIKASI', 'TMPUB','(TM) Masa Pengumuman','SYSTEM',CURRENT_TIMESTAMP,'t','t','f');
INSERT INTO M_STATUS (STATUS_ID, STATUS_CODE, STATUS_NAME, CREATED_BY, CREATED_DATE, STATUS_FLAG, STATIC_FLAG,SKIP_AUDIT_TRAIL) VALUES('TM_DISTRIBUSI_DOKUMEN', 'TMDIST','(TM) Pemeriksa Substantif 1','SYSTEM',CURRENT_TIMESTAMP,'t','t','f');
-- INSERT INTO M_STATUS (STATUS_ID, STATUS_CODE, STATUS_NAME, CREATED_BY, CREATED_DATE, STATUS_FLAG, STATIC_FLAG,SKIP_AUDIT_TRAIL) VALUES('SYSTEM_STORED_IN_EDMS', 'O007','(system) Stored in EDMS','SYSTEM',CURRENT_TIMESTAMP,'t','t','f');
INSERT INTO M_STATUS (STATUS_ID, STATUS_CODE, STATUS_NAME, CREATED_BY, CREATED_DATE, STATUS_FLAG, STATIC_FLAG,SKIP_AUDIT_TRAIL) VALUES('M_NEW_APPLICATION', 'MNEW','(M) New Application','SYSTEM',CURRENT_TIMESTAMP,'t','t','f');
INSERT INTO M_STATUS (STATUS_ID, STATUS_CODE, STATUS_NAME, CREATED_BY, CREATED_DATE, STATUS_FLAG, STATIC_FLAG,SKIP_AUDIT_TRAIL) VALUES('EXPIRED', 'EXP','(TM) Kadaluarsa','SYSTEM',CURRENT_TIMESTAMP,'t','t','f');
INSERT INTO M_STATUS (STATUS_ID, STATUS_CODE, STATUS_NAME, CREATED_BY, CREATED_DATE, STATUS_FLAG, STATIC_FLAG,SKIP_AUDIT_TRAIL) VALUES('M_PUBLICATION', 'MPUB','(M) Publication','SYSTEM',CURRENT_TIMESTAMP,'t','t','f');
INSERT INTO M_STATUS (STATUS_ID, STATUS_CODE, STATUS_NAME, CREATED_BY, CREATED_DATE, STATUS_FLAG, STATIC_FLAG,SKIP_AUDIT_TRAIL) VALUES('M_DOC_DIST', 'MDDIST','(M) Distribution of Document','SYSTEM',CURRENT_TIMESTAMP,'t','t','f');

INSERT INTO M_ACTION (ACTION_ID, ACTION_CODE, ACTION_NAME, CREATED_BY, CREATED_DATE, STATUS_FLAG, ACTION_TYPE,SKIP_AUDIT_TRAIL) VALUES('IPT_PENGAJUAN_PERMOHONAN', 'ACPPO','(IPT) Pengajuan Permohonan','SYSTEM',CURRENT_TIMESTAMP,'t','Default','f');
INSERT INTO M_ACTION (ACTION_ID, ACTION_CODE, ACTION_NAME, CREATED_BY, CREATED_DATE, STATUS_FLAG, ACTION_TYPE,SKIP_AUDIT_TRAIL) VALUES('TM_PASCA_PERMOHONAN', 'ACPAS','(IPT) Pengajuan Pasca Permohonan','SYSTEM',CURRENT_TIMESTAMP,'t','Default','f');
INSERT INTO M_ACTION (ACTION_ID, ACTION_CODE, ACTION_NAME, CREATED_BY, CREATED_DATE, STATUS_FLAG, ACTION_TYPE,SKIP_AUDIT_TRAIL) VALUES('TM_PUBLIKASI', 'ACPUB','(TM) Masa Pengumuman','SYSTEM',CURRENT_TIMESTAMP,'t','Default','f');
INSERT INTO M_ACTION (ACTION_ID, ACTION_CODE, ACTION_NAME, CREATED_BY, CREATED_DATE, STATUS_FLAG, ACTION_TYPE,SKIP_AUDIT_TRAIL) VALUES('TM_DISTRIBUSI_DOKUMEN', 'ACDST','(TM) Pemeriksa Substantif 1','SYSTEM',CURRENT_TIMESTAMP,'t','Default','f');
INSERT INTO M_ACTION (ACTION_ID, ACTION_CODE, ACTION_NAME, CREATED_BY, CREATED_DATE, STATUS_FLAG, ACTION_TYPE,SKIP_AUDIT_TRAIL) VALUES('M_NEW_APPLICATION', 'ACMNW','(M) New Application','SYSTEM',CURRENT_TIMESTAMP,'t','Default','f');
INSERT INTO M_ACTION (ACTION_ID, ACTION_CODE, ACTION_NAME, CREATED_BY, CREATED_DATE, STATUS_FLAG, ACTION_TYPE,SKIP_AUDIT_TRAIL) VALUES('PERPANJANGAN', 'ACPPJG','(TM) Perpanjangan Selesai Diproses','SYSTEM',CURRENT_TIMESTAMP,'t','Default','f');
INSERT INTO M_ACTION (ACTION_ID, ACTION_CODE, ACTION_NAME, CREATED_BY, CREATED_DATE, STATUS_FLAG, ACTION_TYPE,SKIP_AUDIT_TRAIL) VALUES('EXPIRED', 'EXP','(TM) Kadaluarsa','SYSTEM',CURRENT_TIMESTAMP,'t','Default','f');
INSERT INTO M_ACTION (ACTION_ID, ACTION_CODE, ACTION_NAME, CREATED_BY, CREATED_DATE, STATUS_FLAG, ACTION_TYPE,SKIP_AUDIT_TRAIL) VALUES('TM_PELAYANAN_TEKNIS', 'ACPT','(TM) Pelayanan Teknis','SYSTEM',CURRENT_TIMESTAMP,'t','Default','f');

INSERT INTO M_WORKFLOW_PROCESS (WORKFLOW_PROCESS_ID, NAME, MANDATORY, ORDERS, CREATED_DATE, CREATED_BY, STATUS_ID, WORKFLOW_ID, STATUS_FLAG, SKIP_AUDIT_TRAIL) VALUES ('TM_PUBLIKASI','(TM) Masa Pengumuman','f',0, CURRENT_TIMESTAMP, 'SYSTEM','TM_PUBLIKASI','WF_UU_20','t','f');
INSERT INTO M_WORKFLOW_PROCESS (WORKFLOW_PROCESS_ID, NAME, MANDATORY, ORDERS, CREATED_DATE, CREATED_BY, STATUS_ID, WORKFLOW_ID, STATUS_FLAG, SKIP_AUDIT_TRAIL) VALUES ('TM_DISTRIBUSI_DOKUMEN','(TM) Pemeriksaan Substantif 1','f',0, CURRENT_TIMESTAMP, 'SYSTEM','TM_DISTRIBUSI_DOKUMEN','WF_UU_20','t','f');
INSERT INTO M_WORKFLOW_PROCESS (WORKFLOW_PROCESS_ID, NAME, MANDATORY, ORDERS, CREATED_DATE, CREATED_BY, STATUS_ID, WORKFLOW_ID, STATUS_FLAG, SKIP_AUDIT_TRAIL) VALUES ('IPT_PENGAJUAN_PERMOHONAN','(IPT) Pengajuan Permohonan','f',0, CURRENT_TIMESTAMP, 'SYSTEM','IPT_PENGAJUAN_PERMOHONAN','WF_UU_20','t','f');
INSERT INTO M_WORKFLOW_PROCESS (WORKFLOW_PROCESS_ID, NAME, MANDATORY, ORDERS, CREATED_DATE, CREATED_BY, STATUS_ID, WORKFLOW_ID, STATUS_FLAG, SKIP_AUDIT_TRAIL) VALUES ('TM_PASCA_PERMOHONAN','(IPT) Pengajuan Pasca Permohonan','f',0, CURRENT_TIMESTAMP, 'SYSTEM','TM_PASCA_PERMOHONAN','WF_UU_20','t','f');
INSERT INTO M_WORKFLOW_PROCESS (WORKFLOW_PROCESS_ID, NAME, MANDATORY, ORDERS, CREATED_DATE, CREATED_BY, STATUS_ID, WORKFLOW_ID, STATUS_FLAG,SKIP_AUDIT_TRAIL) VALUES ('TM_PELAYANAN_TEKNIS','(TM) Pelayanan Teknis','f', 0, CURRENT_TIMESTAMP, 'SYSTEM','TM_PELAYANAN_TEKNIS','WF_UU_20','t','f');
INSERT INTO M_WORKFLOW_PROCESS (WORKFLOW_PROCESS_ID, NAME, MANDATORY, ORDERS, CREATED_DATE, CREATED_BY, STATUS_ID, WORKFLOW_ID, STATUS_FLAG, SKIP_AUDIT_TRAIL) VALUES ('M_NEW_APPLICATION','(M) New Application','f',0, CURRENT_TIMESTAMP, 'SYSTEM','M_NEW_APPLICATION','WF_MADRID','t','f');
INSERT INTO M_WORKFLOW_PROCESS (WORKFLOW_PROCESS_ID, NAME, MANDATORY, ORDERS, CREATED_DATE, CREATED_BY, STATUS_ID, WORKFLOW_ID, STATUS_FLAG, SKIP_AUDIT_TRAIL) VALUES ('M_PUBLICATION','(M) Published','f',0, CURRENT_TIMESTAMP, 'SYSTEM','M_PUBLICATION','WF_MADRID','t','f');
INSERT INTO M_WORKFLOW_PROCESS (WORKFLOW_PROCESS_ID, NAME, MANDATORY, ORDERS, CREATED_DATE, CREATED_BY, STATUS_ID, WORKFLOW_ID, STATUS_FLAG,SKIP_AUDIT_TRAIL) VALUES ('M_DOC_DIST','(M) Distribution of Document','f', 0, CURRENT_TIMESTAMP, 'SYSTEM','M_DOC_DIST','WF_MADRID','t','f');

INSERT INTO M_WORKFLOW_PROCESS_ACTIONS (ID, ACTION_ID, WORKFLOW_PROCESS_ID, CREATED_BY, CREATED_DATE, SKIP_AUDIT_TRAIL) VALUES('IPT_PENGAJUAN_PERMOHONAN', 'IPT_PENGAJUAN_PERMOHONAN','IPT_PENGAJUAN_PERMOHONAN','SYSTEM',CURRENT_TIMESTAMP,'f');
INSERT INTO M_WORKFLOW_PROCESS_ACTIONS (ID, ACTION_ID, WORKFLOW_PROCESS_ID, CREATED_BY, CREATED_DATE, SKIP_AUDIT_TRAIL) VALUES('TM_PASCA_PERMOHONAN', 'TM_PASCA_PERMOHONAN','TM_PASCA_PERMOHONAN','SYSTEM',CURRENT_TIMESTAMP,'f');
INSERT INTO M_WORKFLOW_PROCESS_ACTIONS (ID, ACTION_ID, WORKFLOW_PROCESS_ID, CREATED_BY, CREATED_DATE, SKIP_AUDIT_TRAIL) VALUES('TM_PUBLIKASI', 'TM_PUBLIKASI','TM_PUBLIKASI','SYSTEM',CURRENT_TIMESTAMP,'f');
INSERT INTO M_WORKFLOW_PROCESS_ACTIONS (ID, ACTION_ID, WORKFLOW_PROCESS_ID, CREATED_BY, CREATED_DATE, SKIP_AUDIT_TRAIL) VALUES('TM_DISTRIBUSI_DOKUMEN', 'TM_DISTRIBUSI_DOKUMEN','TM_DISTRIBUSI_DOKUMEN','SYSTEM',CURRENT_TIMESTAMP,'f');
INSERT INTO  M_WORKFLOW_PROCESS_ACTIONS (ID, ACTION_ID, WORKFLOW_PROCESS_ID, CREATED_BY, CREATED_DATE, SKIP_AUDIT_TRAIL) VALUES ('TM_PELAYANAN_TEKNIS','TM_PELAYANAN_TEKNIS','TM_PELAYANAN_TEKNIS','SYSTEM',CURRENT_TIMESTAMP,'f');
--INSERT INTO M_WORKFLOW_PROCESS_ACTIONS (ID, ACTION_ID, WORKFLOW_PROCESS_ID, CREATED_BY, CREATED_DATE, SKIP_AUDIT_TRAIL) VALUES('M_NEW_APPLICATION', 'M_NEW_APPLICATION','M_NEW_APPLICATION','SYSTEM',CURRENT_TIMESTAMP,'f');
